"draftYear","draftRound","draftSelection","draftOverall","tmID","firstName","lastName","fullName","suffixName","playerID","draftFrom","lgID","playedPro","notes","pickRoute"
"1997","2","0","14","ATG","Cathy","Boswell","Cathy Boswell","","","Illinois State University","ABL","x","","ATG"
"1997","5","0","41","ATG","Amy","Cherubini","Amy Cherubini","","","Indiana University","ABL","x","","ATG"
"1997","4","0","32","ATG","Boky","Vidic","Boky Vidic","","","Oregon State University","ABL","x","","ATG"
"1997","1","0","5","ATG","Tracy","Henderson","Tracy Henderson","","","University of Georgia","ABL","v","T","ATG"
"1997","3","0","23","ATG","Abby","Conklin","Abby Conklin","","","University of Tennessee","ABL","x","","ATG"
"2008","1","0","8","ATL","Tamera","Young","Tamera Young","","","James Madison University","WNBA","v","","SES to ATD"
"2008","2","0","24","ATL","Morenike","Atunrase","Morenike Atunrase","","","Texas A&M University","WNBA","v","","SAM to INF to ATD"
"2008","3","0","32","ATL","Danielle","Hood","Danielle Hood","","","University of Hartford","WNBA","x","","ATD"
"2009","3","0","27","ATL","Jessica","Morrow","Jessica Morrow","","","Baylor University","WNBA","x","","ATD"
"2009","2","0","25","ATL","Shalee","Lehning","Shalee Lehning","","","Kansas State University","WNBA","v","","SES to ATD"
"2009","1","0","1","ATL","Angel","McCoughtry","Angel McCoughtry","","","University of Louisville","WNBA","v","","ATD"
"2010","2","0","21","ATL","Brigitte","Ardossi","Brigitte Ardossi","","","Georgia Institute of Technology","WNBA","x","","ATD"
"2010","1","0","9","ATL","Chanel","Mokango","Chanel Mokango","","","Mississippi State University","WNBA","v","","ATD"
"2010","3","0","33","ATL","Brittainey","Raven","Brittainey Raven","","","University of Texas","WNBA","v","","ATD"
"2011","2","0","18","ATL","Rachel","Jarry","Rachel Jarry","","","Australia","WNBA","x","","SSS to ATD"
"2011","3","0","32","ATL","Kelsey","Bolte","Kelsey Bolte","","","Iowa State University","WNBA","x","","ATD"
"2011","1","0","8","ATL","Ta'Shia","Phillips","Ta?Shia Phillips","","","Xavier University","WNBA","v","","ATD"
"2012","2","0","14","ATL","Tiffany","Haynes","Tiffany Haynes","","","University of Connecticut","WNBA","x","","WSM to ATD"
"2006","1","0","6","CHI","Candice","Dupree","Candice Dupree","","","Temple University","WNBA","v","","CSK"
"2006","3","0","34","CHI","Kerri","Gardin","Kerri Gardin","","","Virginia Polytechnic Institute","WNBA","v","","CSK"
"2006","2","0","20","CHI","Jennifer","Harris","Jennifer Harris","","","Washburn University","WNBA","x","","CSK"
"2007","3","0","27","CHI","Jenna","Rubino","Jenna Rubino","","","DePaul University","WNBA","x","","CSK"
"2007","2","0","20","CHI","Stephanie","Raymond","Stephanie Raymond","","","Northern Illinois University","WNBA","v","","CSK"
"2007","1","0","3","CHI","Armintie","Price","Armintie Price","","","University of Mississippi","WNBA","v","","CSK"
"2007","1","0","10","CHI","Carla","Thomas","Carla Thomas","","","Vanderbilt University","WNBA","v","","SAM to CSK"
"2008","3","0","33","CHI","Angela","Tisdale","Angela Tisdale","","","Baylor University","WNBA","x","","CSK"
"2008","1","0","2","CHI","Sylvia","Fowles","Sylvia Fowles","","","Louisiana State University","WNBA","v","","CSK"
"2008","2","0","19","CHI","Quianna","Chaney","Quianna Chaney","","","Louisiana State University","WNBA","v","","CSK"
"2009","2","0","16","CHI","Danielle","Gant","Danielle Gant","","","Texas A&M University","WNBA","x","","CSK"
"2009","1","0","3","CHI","Kristi","Toliver","Kristi Toliver","","","University of Maryland","WNBA","v","","CSK"
"2009","3","0","29","CHI","Jennifer","Risper","Jennifer Risper","","","Vanderbilt University","WNBA","x","","CSK"
"2010","1","0","4","CHI","Epiphanny","Prince","Epiphanny Prince","","","Rutgers University","WNBA","v","","CSK"
"2010","3","0","28","CHI","Abi","Olajuwon","Abi Olajuwon","","","University of Oklahoma","WNBA","v","","CSK"
"2011","2","0","15","CHI","Carolyn","Swords","Carolyn Swords","","","Boston College","WNBA","v","","CSK"
"2011","1","0","3","CHI","Courtney","Vandersloot","Courtney Vandersloot","","","Gonzaga University","WNBA","v","","CSK"
"2011","3","0","27","CHI","Amy","Jaeschke","Amy Jaeschke","","","Northwestern University","WNBA","x","","CSK"
"2011","2","0","17","CHI","Angie","Bjorklund","Angie Bjorklund","","","University of Tennessee","WNBA","v","","LSP to CSK"
"2012","2","0","23","CHI","Shey","Peddy","Shey Peddy","","","Temple University","WNBA","x","","INF to CSK"
"2012","3","0","27","CHI","Sydney","Carter","Sydney Carter","","","Texas A&M University","WNBA","x","","CSK"
"1997","1","0","4","CLE","Eva","Nemcova","Eva Nemcova","","","Czech Republic","WNBA","v","regular","CRK"
"1997","1","0","2","CLE","Janice","Lawrence Braxton","Janice Lawrence Braxton","","","Louisiana Tech University","WNBA","v","initial","CLR"
"1997","4","0","29","CLE","Anita","Maxwell","Anita Maxwell","","","New Mexico State University","WNBA","v","regular","CRK"
"1997","3","0","20","CLE","Tina","Nicholson","Tina Nicholson","","","Penn State University","WNBA","v","regular","CRK"
"1997","1","0","2","CLE","Isabelle","Fijalkowski","Isabelle Fijalkowski","","","University of Colorado","WNBA","v","elite","CRK"
"1997","2","0","13","CLE","Merlakia","Jones","Merlakia Jones","","","University of Florida","WNBA","v","regular","CRK"
"1997","2","0","10","CLE","Michelle","Edwards","Michelle Edwards","","","University of Iowa","WNBA","v","initial","CLR"
"1997","2","0","10","CLE","Lynette","Woodard","Lynette Woodard","","","University of Kansas","WNBA","v","elite","CRK"
"1998","3","0","26","CLE","Tanja","Kostic","Tanja Kostic","","","Oregon State University","WNBA","v","regular","CRK"
"1998","2","0","16","CLE","Suzie","McConnell-Serio","Suzie McConnell-Serio","","","Penn State University","WNBA","v","regular","CRK"
"1998","4","0","36","CLE","Tammye","Jenkins","Tammye Jenkins","","","University of Georgia","WNBA","x","regular","CRK"
"1998","1","0","6","CLE","Cindy","Blodgett","Cindy Blodgett","","","University of Maine","WNBA","v","regular","CRK"
"1999","1","0","11","CLE","Chasity","Melvin","Chasity Melvin","","","North Carolina State University","WNBA","v","regular","CRK"
"1999","2","0","23","CLE","Mery","Andrade","Mery Andrade","","","Old Dominion University","WNBA","v","regular","CRK"
"1999","3","0","35","CLE","Tracy","Henderson","Tracy Henderson","","","University of Georgia","WNBA","v","regular","CRK"
"1999","4","0","47","CLE","Kellie","Jolly Harper","Kellie Jolly Harper","","","University of Tennessee","WNBA","v","regular","CRK"
"2000","3","0","33","CLE","Monique","Morehouse","Monique Morehouse","","","Auburn University","WNBA","x","","CRK"
"2000","1","0","1","CLE","Ann","Wauters","Ann Wauters","","","Belgium","WNBA","v","","CRK"
"2000","2","0","17","CLE","Helen","Darling","Helen Darling","","","Penn State University","WNBA","v","","CRK"
"2000","4","0","49","CLE","Sophie","Von Saldern","Sophie Von Saldern","","","University of California","WNBA","x","","CRK"
"2001","1","0","11","CLE","Penny","Taylor","Penny Taylor","","","Australia","WNBA","v","","CRK"
"2001","4","0","59","CLE","Erin","Batth","Erin Batth","","","Clemson University","WNBA","x","","CRK"
"2001","2","0","27","CLE","Jaynetta","Saunders","Jaynetta Saunders","","","Texas A&M University","WNBA","v","","CRK"
"2001","3","0","43","CLE","Angelina","Wolvert","Angelina Wolvert","","","University of Oregon","WNBA","v","","CRK"
"2002","2","0","31","CLE","Angie","Welle","Angie Welle","","","Iowa State University","WNBA","x","","CRK"
"2002","1","0","8","CLE","Deanna","Jackson","Deanna Jackson","","","University of Alabama-Birmingham","WNBA","v","","PHM to CRK"
"2002","2","0","24","CLE","Brandi","McCain","Brandi McCain","","","University of Florida","WNBA","v","","PHM to CRK"
"2002","4","0","63","CLE","March","Strickland","March? Strickland","","","University of Maryland","WNBA","x","","CRK"
"2003","1","0","1","CLE","LaToya","Thomas","LaToya Thomas","","","Mississippi State University","WNBA","v","","CRK"
"2003","2","0","15","CLE","Jennifer","Butler","Jennifer Butler","","","University of Massachusetts","WNBA","x","","CRK"
"2003","3","0","30","CLE","Shaquala","Williams","Shaquala Williams","","","University of Oregon","WNBA","v","","CRK"
"1997","6","0","50","CLS","Andria","Jones","Andria Jones","","","Kansas State University","ABL","x","","ATL to COQ"
"1997","6","0","46","CLS","Shanele","Stires","Shanele Stires","","","Kansas State University","ABL","x","","COQ"
"1997","2","0","12","CLS","Angie","Potthoff","Angie Potthoff","","","Penn State University","ABL","v","","NEB to COQ"
"1997","3","0","27","CLS","Jannon","Roland","Jannon Roland","","","Purdue University","ABL","v","","COQ"
"1997","4","0","30","CLS","Latina","Davis","Latina Davis","","","University of Tennessee","ABL","x","","NEB to COQ"
"1998","2","0","20","CLS","Shanele","Stires","Shanele Stires","","","Kansas State University","ABL","v","","COQ"
"1998","2","0","17","CLS","Stacey","Ford","Stacey Ford","","","University of Georgia","ABL","v","","NEB to COQ"
"1997","3","0","25","COL","Missy","Masley","Missy Masley","","","Penn State University","ABL","x","","COX"
"1997","3","0","19","COL","Dana","Wynne","Dana Wynne","","","Seton Hall University","ABL","v","","LBS to SER to COX"
"1997","4","0","34","COL","Traci","Thirdgill","Traci Thirdgill","","","University of Washington","ABL","x","","COX"
"1997","2","0","16","COL","Keisha","Anderson","Keisha Anderson","","","University of Wisconsin","ABL","v","","COX"
"1997","5","0","43","COL","Mara","Cunningham","Mara Cunningham","","","Vanderbilt University","ABL","x","","COX"
"1998","1","0","5","COL","Alisa","Burras","Alisa Burras","","","Louisiana Tech University","ABL","v","","COX"
"1998","2","0","15","COL","Darla","Simpson","Darla Simpson","","","University of Houston","ABL","x","","COX"
"1998","2","0","18","COL","Tiffany","Gooden","Tiffany Gooden","","","University of Iowa","ABL","x","","PRT to COX"
"2003","3","0","34","CON","Lindsey","Wilson","Lindsey Wilson","","","Iowa State University","WNBA","x","","CON"
"2003","2","0","13","CON","Courtney","Coleman","Courtney Coleman","","","Ohio State University","WNBA","v","","DTS to CON"
"2004","3","0","29","CON","Candace","Futrell","Candace Futrell","","","Duquesne University","WNBA","v","","SSS to CON"
"2004","2","0","24","CON","Ugo","Oha","Ugo Oha","","","George Washington University","WNBA","x","","HTC to CON"
"2004","2","0","16","CON","Jessica","Brungo","Jessica Brungo","","","Penn State University","WNBA","v","","SSS to CON"
"2004","1","0","4","CON","Lindsay","Whalen","Lindsay Whalen","","","University of Minnesota","WNBA","v","","SSS to CON"
"2005","2","0","21","CON","Erin","Phillips","Erin Phillips","","","Australia","WNBA","v","","CON"
"2005","3","0","34","CON","Megan","Mahoney","Megan Mahoney","","","Kansas State University","WNBA","v","","CON"
"2005","1","0","8","CON","Katie","Feenstra","Katie Feenstra","","","Liberty University","WNBA","v","","CON"
"2006","3","0","42","CON","Marita","Payne","Marita Payne","","","Auburn University","WNBA","x","","CON"
"2006","2","0","28","CON","Debbie","Merrill","Debbie Merrill","","","Ohio State University","WNBA","x","","CON"
"2007","1","0","13","CON","Sandrine","Gruda","Sandrine Gruda","","","France","WNBA","v","","CON"
"2007","1","0","12","CON","Kamesha","Hairston","Kamesha Hairston","","","Temple University","WNBA","v","","LSP to CON"
"2007","2","0","26","CON","Cori","Chambers","Cori Chambers","","","University of Georgia","WNBA","v","","CON"
"2007","3","0","38","CON","Kiera","Hardy","Kiera Hardy","","","University of Nebraska","WNBA","x","","CON"
"2008","1","0","9","CON","Amber","Holt","Amber Holt","","","Middle Tennessee State University","WNBA","v","","CON"
"2008","3","0","37","CON","Lauren","Ervin","Lauren Ervin","","","University of Arkansas","WNBA","v","","CON"
"2008","1","0","12","CON","Ketia","Swanier","Ketia Swanier","","","University of Connecticut","WNBA","v","","INF to CON"
"2008","2","0","23","CON","Jolene","Anderson","Jolene Anderson","","","University of Wisconsin","WNBA","v","","CON"
"2009","1","0","10","CON","Chante","Black","Chante Black","","","Duke University","WNBA","v","","CON"
"2009","3","0","36","CON","Alba","Torrens","Alba Torrens","","","Spain","WNBA","x","","CON"
"2009","2","0","17","CON","Lyndra","Littles","Lyndra Littles","","","University of Virginia","WNBA","x","","CON"
"2010","3","0","27","CON","Johannah","Leedham","Johannah Leedham","","","Franklin Pierce University","WNBA","x","","CON"
"2010","2","0","15","CON","Allison","Hightower","Allison Hightower","","","Louisiana State University","WNBA","v","","CON"
"2010","1","0","1","CON","Tina","Charles","Tina Charles","","","University of Connecticut","WNBA","v","","NYL to MNL to CON"
"2010","1","0","7","CON","Danielle","McCray","Danielle McCray","","","University of Kansas","WNBA","v","","TLS to CON"
"2011","3","0","28","CON","Adrienne","Johnson","Adrienne Johnson","","","Louisiana Tech University","WNBA","v","","CON"
"2011","2","0","16","CON","Sydney","Colson","Sydney Colson","","","Texas A&M University","WNBA","v","","CON"
"2012","1","0","9","CON","Astan","Dabo","Astan Dabo","","","Mali","WNBA","x","","CON"
"2012","2","0","21","CON","Chalysa 'Chay'","Shegog","Chalysa 'Chay' Shegog","","","University of North Carolina","WNBA","v","","CON"
"1998","2","0","14","DET","Rachael","Sporn","Rachael Sporn","","","Australia","WNBA","v","regular","DTS"
"1998","4","0","34","DET","Sandy","Brondello","Sandy Brondello","","","Australia","WNBA","v","regular","DTS"
"1998","2","0","3","DET","Razija","Mujanovic","Razija Mujanovi?","","","Bosnia and Herzegovina","WNBA","v","initial","DTS"
"1998","1","0","1","DET","Cindy","Brown","Cindy Brown","","","California State University, Long Beach","WNBA","v","initial","DTS"
"1998","1","0","4","DET","Korie","Hlede","Korie Hlede","","","Duquesne University","WNBA","v","regular","DTS"
"1998","3","0","24","DET","Gergana 'Gigi'","Branzova","Gergana ?Gigi? Branzova","","","Florida International University","WNBA","v","regular","DTS"
"1999","4","0","41","DET","Astou","Ndiaye","Astou Ndiaye","","","Senegal","WNBA","v","regular","DTS"
"1999","1","0","5","DET","Jennifer","Azzi","Jennifer Azzi","","","Stanford University","WNBA","v","regular","DTS"
"1999","2","0","17","DET","Val","Whiting","Val Whiting","","","Stanford University","WNBA","v","regular","DTS"
"1999","3","0","29","DET","Dominique","Canty","Dominique Canty","","","University of Alabama","WNBA","v","regular","DTS"
"2000","4","0","60","DET","Carolin 'Cal'","Bouchard","Carolin 'Cal' Bouchard","","","Boston College","WNBA","x","","DTS"
"2000","1","0","8","DET","Tamicha","Jackson","Tamicha Jackson","","","Louisiana Tech University","WNBA","v","","MIS to UTZ to DTS"
"2000","2","0","28","DET","Madinah","Slaise","Madinah Slaise","","","University of Cincinnati","WNBA","v","","DTS"
"2000","1","0","3","DET","Edwina","Brown","Edwina Brown","","","University of Texas","WNBA","v","","UTZ to DTS"
"2000","3","0","44","DET","Chavonne","Hammond","Chavonne Hammond","","","Vanderbilt University","WNBA","x","","DTS"
"2001","2","0","22","DET","Jae","Kingi","Jae Kingi","","","Australia","WNBA","v","","DTS"
"2001","4","0","54","DET","Kelly","Santos","Kelly Santos","","","Brazil","WNBA","v","","DTS"
"2001","1","0","6","DET","Deanna","Nolan","Deanna Nolan","","","University of Georgia","WNBA","v","","DTS"
"2001","3","0","38","DET","Svetlana","Volnaya","Svetlana Volnaya","","","University of Virginia","WNBA","x","","DTS"
"2002","2","0","22","DET","Kathy","Wambe","Kathy Wambe","","","Belgium","WNBA","x","","MNL to DTS"
"2002","2","0","18","DET","Lenae","Williams","Lenae Williams","","","DePaul University","WNBA","v","","DTS"
"2002","2","0","21","DET","Jill","Chapman","Jill Chapman","","","Indiana University","WNBA","v","","POF to DTS"
"2002","2","0","20","DET","Ayana","Walker","Ayana Walker","","","Louisiana Tech University","WNBA","v","","INF to DTS"
"2002","1","0","2","DET","Swin","Cash","Swin Cash","","","University of Connecticut","WNBA","v","","DTS"
"2002","3","0","47","DET","Ericka","Haney","Ericka Haney","","","University of Notre Dame","WNBA","x","","CRK to DTS"
"2003","1","0","3","DET","Cheryl","Ford","Cheryl Ford","","","Louisiana Tech University","WNBA","v","","DTS"
"2003","3","0","28","DET","Syreeta","Bromfield","Syreeta Bromfield","","","Michigan State University","WNBA","x","","DTS"
"2003","1","0","5","DET","Kara","Lawson","Kara Lawson","","","University of Tennessee","WNBA","v","","CON to DTS"
"2004","1","0","11","DET","Iciss","Tillis","Iciss Tillis","","","Duke University","WNBA","v","","HTC to DTS"
"2004","1","0","13","DET","Shereka","Wright","Shereka Wright","","","Purdue University","WNBA","v","","DTS"
"2004","2","0","23","DET","Erika","Valek","Erika Valek","","","Purdue University","WNBA","x","","SAM to DTS"
"2004","3","0","32","DET","Jennifer","Smith","Jennifer Smith","","","University of Michigan","WNBA","v","","SES to HTC to DTS"
"2005","3","0","33","DET","Jenni","Lingor","Jenni Lingor","","","Southwest Missouri State University","WNBA","x","","DTS"
"2005","1","0","7","DET","Kara","Braxton","Kara Braxton","","","University of Georgia","WNBA","v","","DTS"
"2005","2","0","20","DET","Nikita","Bell","Nikita Bell","","","University of North Carolina","WNBA","x","","DTS"
"2005","1","0","13","DET","Dionnah","Jackson","Dionnah Jackson","","","University of Oklahoma","WNBA","x","","LAS to WSM to DTS"
"2006","2","0","17","DET","Ambrosia","Anderson","Ambrosia Anderson","","","Brigham Young University","WNBA","v","","MNL to DTS"
"2006","3","0","35","DET","Zane","Teilane","Zane Teilane","","","Western Illinois University","WNBA","v","","DTS"
"2007","1","0","11","DET","Ivory","Latta","Ivory Latta","","","University of North Carolina","WNBA","v","","DTS"
"2008","3","0","42","DET","Valeriya","Berezhynska","Valeriya Berezhynska","","","Rice University","WNBA","v","","DTS"
"2008","1","0","11","DET","Tasha","Humphrey","Tasha Humphrey","","","University of Georgia","WNBA","v","","SSS to DTS"
"2008","1","0","4","DET","Alexis","Hornbuckle","Alexis Hornbuckle","","","University of Tennessee","WNBA","v","","ATD to SES to DTS"
"2008","2","0","28","DET","Natasha","Lacy","Natasha Lacy","","","University of Texas-El Paso","WNBA","v","","DTS"
"2008","2","0","18","DET","Olayinka","Sanni","Olayinka Sanni","","","West Virginia University","WNBA","v","","ATD to DTS"
"2009","2","0","18","DET","Britany","Miller","Britany Miller","","","Florida State University","WNBA","v","","PHM to ATD to DTS"
"2009","3","0","37","DET","Tanae","Davis-Cain","Tanae Davis-Cain","","","Florida State University","WNBA","v","","DTS"
"2009","1","0","11","DET","Shavonte","Zellous","Shavonte Zellous","","","University of Pittsburgh","WNBA","v","","DTS"
"1997","2","0","13","HOU","Janeth","Arcain","Janeth Arcain","","","Brazil","WNBA","v","elite","HTC"
"1997","3","0","17","HOU","Raquel","Spurlock","Raquel Spurlock","","","Louisiana Tech University","WNBA","x","regular","HTC"
"1997","2","0","11","HOU","Sheryl","Swoopes","Sheryl Swoopes","","","Texas Tech University","WNBA","v","initial","HTC"
"1997","2","0","16","HOU","Tammy","Jackson","Tammy Jackson","","","University of Florida","WNBA","v","regular","HTC"
"1997","1","0","5","HOU","Wanda","Guyton","Wanda Guyton","","","University of South Florida","WNBA","v","elite","HTC"
"1997","1","0","3","HOU","Cynthia","Cooper","Cynthia Cooper","","","University of Southern California","WNBA","v","initial","HTC"
"1997","1","0","1","HOU","Tina","Thompson","Tina Thompson","","","University of Southern California","WNBA","v","regular","HTC"
"1997","4","0","32","HOU","Catarina","Pollini","Catarina Pollini","","","University of Texas","WNBA","v","regular","HTC"
"1998","1","0","10","HOU","Polina","Tzekova","Polina Tzekova","","","Bulgaria","WNBA","v","regular","HTC"
"1998","2","0","20","HOU","Nyree","Roberts","Nyree Roberts","","","Old Dominion University","WNBA","v","regular","HTC"
"1998","3","0","30","HOU","Amaya","Valdemoro","Amaya Valdemoro","","","Spain","WNBA","v","regular","HTC"
"1998","4","0","40","HOU","Monica","Lamb","Monica Lamb","","","University of Southern California","WNBA","v","regular","HTC"
"1999","1","0","12","HOU","Natalia","Zasulskaya","Natalia Zasulskaya","","","Russia","WNBA","x","regular","HTC"
"1999","2","0","24","HOU","Sonja","Henning","Sonja Henning","","","Stanford University","WNBA","v","regular","HTC"
"1999","3","0","36","HOU","Kara","Wolters","Kara Wolters","","","University of Connecticut","WNBA","v","regular","HTC"
"1999","4","0","48","HOU","Jennifer","Rizzotti","Jennifer Rizzotti","","","University of Connecticut","WNBA","v","regular","HTC"
"2000","3","0","48","HOU","Latavia","Coleman","Latavia Coleman","","","Florida State University","WNBA","x","","HTC"
"2000","4","0","64","HOU","Abbie","Willenborg","Abbie Willenborg","","","Marquette University","WNBA","x","","HTC"
"2000","2","0","32","HOU","Andrea","Garner","Andrea Garner","","","Penn State University","WNBA","v","","HTC"
"2000","1","0","16","HOU","Elena","Shakirova","Elena Shakirova","","","Russia","WNBA","v","","HTC"
"2001","3","0","47","HOU","Shala","Crawford","Shala Crawford","","","Life University","WNBA","x","","HTC"
"2001","2","0","31","HOU","Tynesha","Lewis","Tynesha Lewis","","","North Carolina State University","WNBA","v","","HTC"
"2001","1","0","15","HOU","Amanda","Lassiter","Amanda Lassiter","","","University of Houston","WNBA","v","","HTC"
"2001","4","0","63","HOU","Kristen","Clement","Kristen Clement","","","University of Tennessee","WNBA","x","","HTC"
"2001","3","0","33","HOU","ShaRae","Mansfield","ShaRae Mansfield","","","Western Kentucky University","WNBA","x","","SES to HTC"
"2002","4","0","58","HOU","Cori","Enghusen","Cori Enghusen","","","Stanford University","WNBA","x","","HTC"
"2002","3","0","42","HOU","Shondra","Johnson","Shondra Johnson","","","University of Alabama","WNBA","x","","HTC"
"2002","1","0","10","HOU","Michelle","Snow","Michelle Snow","","","University of Tennessee","WNBA","v","","HTC"
"2003","3","0","41","HOU","Oksana","Rakhmatulina","Oksana Rakhmatulina","","","Russia","WNBA","x","","HTC"
"2003","2","0","19","HOU","Lori","Nero","Lori Nero","","","University of Louisville","WNBA","x","","CON to HTC"
"2003","3","0","38","HOU","Constance","Jinks","Constance Jinks","","","University of Nevada-Las Vegas","WNBA","x","","CHR to HTC"
"2003","1","0","12","HOU","Allison","Curtin","Allison Curtin","","","University of Tulsa","WNBA","x","","HTC"
"2004","2","0","26","HOU","Lindsay","Taylor","Lindsay Taylor","","","University of California, Santa Barbara","WNBA","v","","DTS to HTC"
"2004","3","0","37","HOU","Stacy","Stephens","Stacy Stephens","","","University of Texas","WNBA","v","","HTC"
"2005","3","0","28","HOU","Jenni","Dant","Jenni Dant","","","DePaul University","WNBA","x","","HTC"
"2005","2","0","15","HOU","Roneeka","Hodges","Roneeka Hodges","","","Florida State University","WNBA","v","","HTC"
"2005","1","0","5","HOU","Sancho","Lyttle","Sancho Lyttle","","","University of Houston","WNBA","v","","HTC"
"2006","2","0","24","HOU","Renae","Camino","Renae Camino","","","Australia","WNBA","x","","HTC"
"2006","3","0","29","HOU","Tiffany","Stansbury","Tiffany Stansbury","","","North Carolina State University","WNBA","v","","CHR to HTC"
"2006","2","0","15","HOU","Ann","Strother","Ann Strother","","","University of Connecticut","WNBA","v","","CHR to HTC"
"2007","1","0","8","HOU","Ashley","Shields","Ashley Shields","","","Southwest Tennessee Community College","WNBA","v","","HTC"
"2007","3","0","34","HOU","Kristen","Newlin","Kristen Newlin","","","Stanford University","WNBA","x","","HTC"
"2007","2","0","14","HOU","Deonna 'Dee'","Davis","Deonna 'Dee' Davis","","","Vanderbilt University","WNBA","v","","HTC"
"2008","2","0","17","HOU","Erica","White","Erica White","","","Louisiana State University","WNBA","v","","HTC"
"2008","1","0","5","HOU","Matee","Ajavon","Matee Ajavon","","","Rutgers University","WNBA","v","","HTC"
"2008","3","0","31","HOU","Crystal","Kelly","Crystal Kelly","","","Western Kentucky University","WNBA","v","","HTC"
"2000","2","0","26","IND","Jurgita","Streimikyte","Jurgita Streimikyte","","","Lithuania","WNBA","v","","INF"
"2000","3","0","42","IND","Usha","Gilmore","Usha Gilmore","","","Rutgers University","WNBA","v","","INF"
"2000","4","0","50","IND","Latina","Davis","Latina Davis","","","University of Tennessee","WNBA","x","","WSM to INF"
"2000","4","0","58","IND","Renee","Robinson","Renee Robinson","","","University of Virginia","WNBA","v","","INF"
"2001","4","0","51","IND","April","Brown","April Brown","","","Louisiana State University","WNBA","x","","INF"
"2001","1","0","14","IND","Kelly","Schumacher","Kelly Schumacher","","","University of Connecticut","WNBA","v","","SAM to INF"
"2001","3","0","35","IND","Marlena","Williams","Marlena Williams","","","University of Missouri","WNBA","x","","INF"
"2001","2","0","19","IND","Niele","Ivey","Niele Ivey","","","University of Notre Dame","WNBA","v","","INF"
"2001","1","0","3","IND","Tamika","Catchings","Tamika Catchings","","","University of Tennessee","WNBA","v","","INF"
"2002","3","0","34","IND","Kelly","Komara","Kelly Komara","","","Purdue University","WNBA","x","","DTS to INF"
"2002","4","0","49","IND","LaKeisha","Taylor","LaKeisha Taylor","","","University of Arizona","WNBA","x","","WSM to INF"
"2002","1","0","13","IND","Tawana","McDonald","Tawana McDonald","","","University of Georgia","WNBA","x","","PHM to MIS to INF"
"2002","2","0","17","IND","Zuzi","Klimesova","Zuzi Klimesova","","","Vanderbilt University","WNBA","v","","WSM to INF"
"2002","4","0","52","IND","Jillian","Danker","Jillian Danker","","","Vanderbilt University","WNBA","x","","INF"
"2003","2","0","20","IND","DeTrina","White","DeTrina White","","","Louisiana State University","WNBA","v","","INF"
"2003","1","0","6","IND","Gwen","Jackson","Gwen Jackson","","","University of Tennessee","WNBA","v","","INF"
"2003","3","0","35","IND","Ashley","McElhiney","Ashley McElhiney","","","Vanderbilt University","WNBA","x","","INF"
"2004","1","0","9","IND","Ebony","Hoffman","Ebony Hoffman","","","University of Southern California","WNBA","v","","CHR to INF"
"2004","3","0","31","IND","Ieva","Kublina","Ieva Kublina","","","Virginia Polytechnic Institute","WNBA","x","","INF"
"2005","1","0","2","IND","Tan","White","Tan White","","","Mississippi State University","WNBA","v","","INF"
"2005","3","0","29","IND","Ashley","Earley","Ashley Earley","","","Vanderbilt University","WNBA","x","","INF"
"2005","2","0","16","IND","Yolanda","Paige","Yolanda Paige","","","West Virginia University","WNBA","v","","INF"
"2006","3","0","38","IND","Jessica","Foley","Jessica Foley","","","Duke University","WNBA","x","","HTC to INF"
"2006","2","0","26","IND","Kasha","Terry","Kasha Terry","","","Georgia Institute of Technology","WNBA","v","","INF"
"2006","3","0","40","IND","Marina","Kuzina","Marina Kuzina","","","Russia","WNBA","x","","INF"
"2006","1","0","9","IND","La'Tangela","Atkinson","La?Tangela Atkinson","","","University of North Carolina","WNBA","v","","NYL to INF"
"2007","1","0","9","IND","Alison","Bales","Alison Bales","","","Duke University","WNBA","v","","INF"
"2007","2","0","22","IND","Lyndsey","Medders","Lyndsey Medders","","","Iowa State University","WNBA","x","","INF"
"2007","3","0","35","IND","Ashley","Key","Ashley Key","","","North Carolina State University","WNBA","x","","INF"
"2008","2","0","26","IND","Khadijah","Whittington","Khadijah Whittington","","","North Carolina State University","WNBA","v","","INF"
"2009","1","0","6","IND","Briann","January","Briann January","","","Arizona State University","WNBA","v","","INF"
"2009","3","0","32","IND","Danielle","Campbell","Danielle Campbell","","","Purdue University","WNBA","x","","INF"
"2009","2","0","19","IND","Christina","Wirth","Christina Wirth","","","Vanderbilt University","WNBA","v","","INF"
"2010","3","0","35","IND","Joy","Cheek","Joy Cheek","","","Duke University","WNBA","v","","INF"
"2010","2","0","23","IND","Armelie","Lumanu","Armelie Lumanu","","","Mississippi State University","WNBA","x","","INF"
"2010","1","0","11","IND","Jene","Morris","Jene Morris","","","San Diego State University","WNBA","v","","INF"
"2011","3","0","33","IND","Jori","Davis","Jori Davis","","","Indiana University","WNBA","x","","INF"
"2011","1","0","9","IND","Jeanette","Pohlen","Jeanette Pohlen","","","Stanford University","WNBA","v","","INF"
"2012","1","0","11","IND","Sasha","Goodlett","Sasha Goodlett","","","Georgia Institute of Technology","WNBA","x","","INF"
"2012","3","0","34","IND","Courtney","Hurt","Courtney Hurt","","","Virginia Commonwealth University","WNBA","x","","SES to INF"
"1997","2","0","12","LAS","Penny","Toler","Penny Toler","","","California State University, Long Beach","WNBA","v","initial","LSP"
"1997","2","0","16","LAS","Haixia","Zheng","Haixia Zheng","","","China","WNBA","v","elite","LSP"
"1997","4","0","30","LAS","Travesa","Gant","Travesa Gant","","","Lamar University","WNBA","v","regular","LSP"
"1997","1","0","3","LAS","Jamila","Wideman","Jamila Wideman","","","Stanford University","WNBA","v","regular","LSP"
"1997","2","0","14","LAS","Tamecka","Dixon","Tamecka Dixon","","","University of Kansas","WNBA","v","regular","LSP"
"1997","3","0","19","LAS","Katrina","Colleton","Katrina Colleton","","","University of Maryland","WNBA","v","regular","LSP"
"1997","1","0","4","LAS","Lisa","Leslie","Lisa Leslie","","","University of Southern California","WNBA","v","initial","LSP"
"1997","1","0","8","LAS","Daedra","Charles","Daedra Charles","","","University of Tennessee","WNBA","v","elite","LSP"
"1998","1","0","5","LAS","Allison","Feaster","Allison Feaster","","","Harvard University","WNBA","v","regular","LSP"
"1998","3","0","25","LAS","Rehema","Stephens","Rehema Stephens","","","UCLA","WNBA","v","regular","LSP"
"1998","4","0","35","LAS","Erika","Kienast","Erika Kienast","","","University of California, Santa Barbara","WNBA","x","regular","LSP"
"1998","2","0","15","LAS","Octavia","Blue","Octavia Blue","","","University of Miami","WNBA","v","regular","LSP"
"1999","2","0","16","LAS","Clarisse","Machanguana","Clarisse Machanguana","","","Old Dominion University","WNBA","v","regular","LSP"
"1999","3","0","28","LAS","Ukari","Figgs","Ukari Figgs","","","Purdue University","WNBA","v","regular","LSP"
"1999","1","0","4","LAS","DeLisha","Milton","DeLisha Milton","","","University of Florida","WNBA","v","regular","LSP"
"1999","4","0","40","LAS","La'Keshia","Frett","La?Keshia Frett","","","University of Georgia","WNBA","v","regular","LSP"
"2000","3","0","47","LAS","Marte","Alexander","Marte Alexander","","","University of Arizona","WNBA","x","","LSP"
"2000","2","0","31","LAS","Paige","Sauer","Paige Sauer","","","University of Connecticut","WNBA","v","","LSP"
"2000","1","0","15","LAS","Nicole","Kubik","Nicole Kubik","","","University of Nebraska","WNBA","v","","LSP"
"2000","4","0","63","LAS","Nicky","McCrimmon","Nicky McCrimmon","","","University of Southern California","WNBA","v","","LSP"
"2001","1","0","16","LAS","Camille","Cooper","Camille Cooper","","","Purdue University","WNBA","v","","LSP"
"2001","4","0","64","LAS","Beth","Record","Beth Record","","","Syracuse University","WNBA","x","","LSP"
"2001","3","0","48","LAS","Kelley","Siemon","Kelley Siemon","","","University of Notre Dame","WNBA","x","","LSP"
"2001","2","0","32","LAS","Nicole","Levandusky","Nicole Levandusky","","","Xavier University","WNBA","v","","LSP"
"2002","2","0","30","LAS","Gergana","Slavtcheva","Gergana Slavtcheva","","","Florida International University","WNBA","v","","LSP"
"2002","4","0","64","LAS","Tiffany","Thompson","Tiffany Thompson","","","Old Dominion University","WNBA","x","","LSP"
"2002","3","0","48","LAS","Rashana","Barnes","Rashana Barnes","","","Penn State University","WNBA","x","","LSP"
"2002","2","0","32","LAS","Jackie","Higgins","Jackie Higgins","","","University of North Carolina","WNBA","x","","LSP"
"2002","1","0","16","LAS","Rosalind","Ross","Rosalind Ross","","","University of Oklahoma","WNBA","x","","LSP"
"2003","3","0","42","LAS","Mary Jo","Noon","Mary Jo Noon","","","Purdue University","WNBA","x","","LSP"
"2003","2","0","27","LAS","Schuye","LaRue","Schuye LaRue","","","University of Virginia","WNBA","x","","LSP"
"2004","2","0","25","LAS","Doneeka","Hodges","Doneeka Hodges","","","Louisiana State University","WNBA","v","","LSP"
"2004","1","0","12","LAS","Christi","Thomas","Christi Thomas","","","University of Georgia","WNBA","v","","LSP"
"2005","2","0","26","LAS","Desire 'Dee-Dee'","Wheeler","Desire 'Dee-Dee' Wheeler","","","University of Arizona","WNBA","x","","LSP"
"2005","3","0","39","LAS","Heather","Schreiber","Heather Schreiber","","","University of Texas","WNBA","x","","LSP"
"2006","1","0","5","LAS","Lisa","Willis","Lisa Willis","","","UCLA","WNBA","v","","WSM to LSP"
"2006","2","0","22","LAS","Willnett","Crockett","Willnett Crockett","","","University of Connecticut","WNBA","v","","LSP"
"2006","3","0","36","LAS","Tiffany","Porter-Talbert","Tiffany Porter-Talbert","","","Western Kentucky University","WNBA","x","","LSP"
"2007","2","0","25","LAS","Sidney","Spencer","Sidney Spencer","","","University of Tennessee","WNBA","v","","LSP"
"2008","1","0","1","LAS","Candace","Parker","Candace Parker","","","University of Tennessee","WNBA","v","","LSP"
"2008","2","0","15","LAS","Shannon","Bobbitt","Shannon Bobbitt","","","University of Tennessee","WNBA","v","","LSP"
"2008","3","0","29","LAS","Sharnee'","Zoll","Sharnee? Zoll","","","University of Virginia","WNBA","v","","LSP"
"2009","1","0","13","LAS","Lindsay","Wisdom-Hylton","Lindsay Wisdom-Hylton","","","Purdue University","WNBA","v","","SSS to ATD to LSP"
"2009","3","0","35","LAS","Britney","Jordan","Britney Jordan","","","Texas A&M University-Commerce","WNBA","x","","LSP"
"2009","2","0","22","LAS","Ashley","Paris","Ashley Paris","","","University of Oklahoma","WNBA","x","","LSP"
"2010","1","0","8","LAS","Andrea","Riley","Andrea Riley","","","Oklahoma State University","WNBA","v","","LSP"
"2010","3","0","32","LAS","Rashidat","Junaid","Rashidat Junaid","","","Rutgers University","WNBA","x","","LSP"
"2010","2","0","20","LAS","Angel","Robinson","Angel Robinson","","","University of Georgia","WNBA","x","","LSP"
"2010","1","0","12","LAS","Bianca","Thomas","Bianca Thomas","","","University of Mississippi","WNBA","x","","PHM to LSP"
"2011","3","0","29","LAS","Elina","Babkina","Elina Babkina","","","Latvia","WNBA","x","","LSP"
"2011","1","0","5","LAS","Jantel","Lavender","Jantel Lavender","","","Ohio State University","WNBA","v","","LSP"
"2012","2","0","15","LAS","Khadijah","Rushdan","Khadijah Rushdan","","","Rutgers University","WNBA","x","","CSK to LSP"
"2012","3","0","28","LAS","April","Sykes","April Sykes","","","Rutgers University","WNBA","v","","LSP"
"2012","1","0","1","LAS","Nnemkadi","Ogwumike","Nnemkadi Ogwumike","","","Stanford University","WNBA","x","","LAS"
"2012","2","0","13","LAS","Farhiya","Abdi","Farhiya Abdi","","","Sweden","WNBA","x","","TLS to LSP"
"2012","2","0","16","LAS","Tyra","White","Tyra White","","","Texas A&M University","WNBA","x","","LSP"
"1998","4","0","33","LON","Pam","Hudson","Pam Hudson","","","Northwestern State University of Louisiana","ABL","x","","SER to LBS"
"1998","1","0","7","LON","Katrina","Price","Katrina Price","","","Stephen F. Austin University","ABL","x","","NEB to LBS"
"2000","3","0","40","MIA","Milena","Flores","Milena Flores","","","Stanford University","WNBA","v","","MIS"
"2000","2","0","19","MIA","Jameka","Jones","Jameka Jones","","","University of North Carolina-Charlotte","WNBA","v","","UTZ to MIS"
"2001","3","0","37","MIA","Levys","Torres","Levys Torres","","","Florida State University","WNBA","v","","MIS"
"2001","2","0","21","MIA","Georgia","Schweitzer","Georgia Schweitzer","","","University of Minnesota","WNBA","v","","MIS"
"2001","1","0","5","MIA","Ruth","Riley","Ruth Riley","","","University of Notre Dame","WNBA","v","","MIS"
"2002","4","0","61","MIA","Jerkisha","Dosty","Jerkisha Dosty","","","St. Mary?s University","WNBA","x","","MIS"
"2002","2","0","29","MIA","Lindsey","Yamasaki","Lindsey Yamasaki","","","Stanford University","WNBA","v","","MIS"
"2002","3","0","45","MIA","Jerica","Watson","Jerica Watson","","","University of Iowa","WNBA","x","","MIS"
"2002","1","0","15","MIA","Tamara","Moore","Tamara Moore","","","University of Wisconsin","WNBA","v","","CRK to PHM to MIS"
"1999","4","0","43","MIN","Sonja","Tate","Sonja Tate","","","Arkansas State University","WNBA","v","regular","MNL"
"1999","2","0","19","MIN","Trisha","Fallon","Trisha Fallon","","","Australia","WNBA","v","regular","MNL"
"1999","4","0","49","MIN","Angie","Potthoff","Angie Potthoff","","","Penn State University","WNBA","v","regular","MNL"
"1999","1","0","7","MIN","Tonya","Edwards","Tonya Edwards","","","University of Tennessee","WNBA","v","regular","MNL"
"1999","3","0","31","MIN","Andrea","Lloyd-Curry","Andrea Lloyd-Curry","","","University of Texas","WNBA","v","regular","MNL"
"2000","4","0","56","MIN","Shanele","Stires","Shanele Stires","","","Kansas State University","WNBA","v","","MIS to MNL"
"2000","1","0","6","MIN","Betty","Lennox","Betty Lennox","","","Louisiana Tech University","WNBA","v","","MNL"
"2000","2","0","22","MIN","Marla","Brumfield","Marla Brumfield","","","Rice University","WNBA","v","","MNL"
"2000","4","0","54","MIN","Jana","Lichnerova","Jana Lichnerova","","","St. Joseph?s University","WNBA","x","","MNL"
"2000","2","0","24","MIN","Keitha","Dickerson","Keitha Dickerson","","","Texas Tech University","WNBA","v","","MIS to MNL"
"2000","1","0","5","MIN","Grace","Daley","Grace Daley","","","Tulane University","WNBA","v","","PHM to MNL"
"2000","1","0","10","MIN","Maylana","Martin","Maylana Martin","","","UCLA","WNBA","v","","INF to MIS to MNL"
"2000","3","0","38","MIN","Phylesha","Whaley","Phylesha Whaley","","","University of Oklahoma","WNBA","x","","MNL"
"2001","4","0","55","MIN","Megan","Taylor","Megan Taylor","","","Iowa State University","WNBA","x","","MNL"
"2001","2","0","23","MIN","Erin","Buescher","Erin Buescher","","","The Master?s College","WNBA","v","","MNL"
"2001","2","0","28","MIN","Janell","Burse","Janell Burse","","","Tulane University","WNBA","v","","NYL to WSM to MNL"
"2001","1","0","7","MIN","Svetlana","Abrosimova","Svetlana Abrosimova","","","University of Connecticut","WNBA","v","","MNL"
"2001","3","0","39","MIN","Tombi","Bell","Tombi Bell","","","University of Florida","WNBA","x","","MNL"
"2002","4","0","54","MIN","Sh?rron","Francis","Sh?rron Francis","","","Old Dominion University","WNBA","x","","MNL"
"2002","1","0","6","MIN","Tamika","Williams","Tamika Williams","","","University of Connecticut","WNBA","x","","MNL"
"2002","3","0","38","MIN","Lindsey","Meder","Lindsey Meder","","","University of Iowa","WNBA","x","","MNL"
"2003","3","0","29","MIN","Carla","Bennett","Carla Bennett","","","Drake University","WNBA","x","","MNL"
"2003","2","0","14","MIN","Teresa","Edwards","Teresa Edwards","","","University of Georgia","WNBA","v","","MNL"
"2003","2","0","18","MIN","Jordan","Adams","Jordan Adams","","","University of New Mexico","WNBA","v","","MIS to MNL"
"2004","3","0","33","MIN","Amber","Jacobs","Amber Jacobs","","","Boston College","WNBA","v","","MNL"
"2004","1","0","6","MIN","Nicole","Ohlde","Nicole Ohlde","","","Kansas State University","WNBA","v","","SES to MNL"
"2004","1","0","7","MIN","Vanessa","Hayden","Vanessa Hayden","","","University of Florida","WNBA","v","","MNL"
"2004","2","0","20","MIN","Tasha","Butts","Tasha Butts","","","University of Tennessee","WNBA","v","","MNL"
"2004","3","0","38","MIN","Kate","Bulger","Kate Bulger","","","West Virginia University","WNBA","x","","DTS to MNL"
"2005","3","0","37","MIN","Monique","Bivins","Monique Bivins","","","University of Alabama","WNBA","x","","MNL"
"2005","1","0","11","MIN","Kristen","Mann","Kristen Mann","","","University of California, Santa Barbara","WNBA","v","","MNL"
"2005","2","0","17","MIN","Jacqueline","Batteast","Jacqueline Batteast","","","University of Notre Dame","WNBA","v","","CHR to MNL"
"2006","1","0","1","MIN","Seimone","Augustus","Seimone Augustus","","","Louisiana State University","WNBA","v","","MNL"
"2006","3","0","31","MIN","Megan","Duffy","Megan Duffy","","","University of Notre Dame","WNBA","v","","MNL"
"2006","1","0","7","MIN","Shona","Thorburn","Shona Thorburn","","","University of Utah","WNBA","v","","DTS to MNL"
"2007","2","0","24","MIN","Kathrin","Ress","Kathrin Ress","","","Boston College","WNBA","v","","MNL"
"2007","2","0","23","MIN","Brooke","Smith","Brooke Smith","","","Stanford University","WNBA","v","","MNL"
"2007","1","0","4","MIN","Noelle","Quinn","Noelle Quinn","","","UCLA","WNBA","v","","MNL"
"2007","2","0","15","MIN","Eshaya","Murphy","Eshaya Murphy","","","University of Southern California","WNBA","v","","MNL"
"2008","1","0","3","MIN","Candice","Wiggins","Candice Wiggins","","","Stanford University","WNBA","v","","MNL"
"2008","3","0","30","MIN","Charde","Houston","Charde Houston","","","University of Connecticut","WNBA","v","","MNL"
"2008","2","0","16","MIN","Nicky","Anosike","Nicky Anosike","","","University of Tennessee","WNBA","v","","MNL"
"2009","1","0","4","MIN","Renee","Montgomery","Renee Montgomery","","","University of Connecticut","WNBA","v","","MNL"
"2009","3","0","30","MIN","Emily","Fox","Emily Fox","","","University of Minnesota","WNBA","x","","MNL"
"2009","2","0","15","MIN","Rashanda","McCants","Rashanda McCants","","","University of North Carolina","WNBA","v","","WSM to MNL"
"2009","1","0","9","MIN","Quanitra","Hollingsworth","Quanitra Hollingsworth","","","Virginia Commonwealth University","WNBA","v","","LSP to WSM to MNL"
"2010","3","0","26","MIN","Gabriela","Marginean","Gabriela Marginean","","","Drexel University","WNBA","v","","MNL"
"2010","1","0","3","MIN","Kelsey","Griffin","Kelsey Griffin","","","University of Nebraska","WNBA","v","","MNL"
"2010","1","0","2","MIN","Monica","Wright","Monica Wright","","","University of Virginia","WNBA","v","","CON to MNL"
"2011","2","0","14","MIN","Felicia","Chester","Felicia Chester","","","DePaul University","WNBA","v","","MNL"
"2011","1","0","1","MIN","Maya","Moore","Maya Moore","","","University of Connecticut","WNBA","v","","MNL"
"2011","3","0","26","MIN","Kachine","Alexander","Kachine Alexander","","","University of Iowa","WNBA","x","","MNL"
"2011","2","0","13","MIN","Jessica","Breland","Jessica Breland","","","University of North Carolina","WNBA","v","","TLS to MNL"
"2011","1","0","4","MIN","Amber","Harris","Amber Harris","","","Xavier University","WNBA","v","","CON to MNL"
"2012","1","0","12","MIN","Damiris","Dantas","Damiris Dantas","","","Brazil","WNBA","x","","MNL"
"2012","2","0","19","MIN","Kayla","Standish","Kayla Standish","","","Gonzaga University","WNBA","x","","NYL to MNL"
"2012","2","0","20","MIN","Nika","Baric","Nika Baric","","","Slovenia","WNBA","x","","ATD to MNL"
"2012","1","0","3","MIN","Devereaux","Peters","Devereaux Peters","","","University of Notre Dame","WNBA","v","","WSM to MNL"
"2012","3","0","31","MIN","Jacki","Gemelos","Jacki Gemelos","","","University of Southern California","WNBA","x","","NYL to MNL"
"2012","2","0","18","MIN","Julie","Wojta","Julie Wojta","","","University of Wisconsin-Green Bay","WNBA","x","","PHM to MNL"
"1997","5","0","39","NEW","Corissa","Yasen","Corissa Yasen","","","Purdue University","ABL","v","","NEB"
"1997","1","0","9","NEW","Dale","Hodges","Dale Hodges","","","St. Joseph?s University","ABL","x","","COQ to NEB"
"1997","1","0","3","NEW","Kara","Wolters","Kara Wolters","","","University of Connecticut","ABL","v","T","NEB"
"1997","3","0","21","NEW","Carla","Berube","Carla Berube","","","University of Connecticut","ABL","x","","NEB"
"1997","6","0","48","NEW","Wendy","Davis","Wendy Davis","","","University of Connecticut","ABL","x","","NEB"
"1997","2","0","18","NEW","Deanna","Tate","Deanna Tate","","","University of Maryland","ABL","x","","COQ to NEB"
"1997","4","0","36","NEW","Sandra","Hodge","Sandra Hodge","","","University of New Orleans","ABL","x","","COQ to NEB"
"1998","3","0","28","NEW","Laurie","Byrd","Laurie Byrd","","","Eastern Michigan University","ABL","x","","NEB"
"1998","1","0","3","NEW","Barbara","Farris","Barbara Farris","","","Tulane University","ABL","v","","LBS to SER to NEB"
"1998","2","0","19","NEW","Trisha","Stafford","Trisha Stafford","","","University of California","ABL","v","","LBS to NEB"
"1998","3","0","27","NEW","Carla","Berube","Carla Berube","","","University of Connecticut","ABL","x","","NEB"
"1998","5","0","47","NEW","Limor","Mizrachi","Limor Mizrachi","","","University of Maryland","ABL","x","","NEB"
"1997","1","0","4","NYL","Kym","Hampton","Kym Hampton","","","Arizona State University","WNBA","v","elite","NYL"
"1997","4","0","27","NYL","Kisha","Ford","Kisha Ford","","","Georgia Institute of Technology","WNBA","v","regular","NYL"
"1997","2","0","13","NYL","Teresa","Weatherspoon","Teresa Weatherspoon","","","Louisiana Tech University","WNBA","v","initial","NYL"
"1997","2","0","12","NYL","Vickie","Johnson","Vickie Johnson","","","Louisiana Tech University","WNBA","v","elite","NYL"
"1997","3","0","22","NYL","Trena","Trice","Trena Trice","","","North Carolina State University","WNBA","v","regular","NYL"
"1997","1","0","6","NYL","Sue","Wicks","Sue Wicks","","","Rutgers University","WNBA","v","regular","NYL"
"1997","1","0","5","NYL","Rebecca","Lobo","Rebecca Lobo","","","University of Connecticut","WNBA","v","initial","NYL"
"1997","2","0","11","NYL","Sophia","Witherspoon","Sophia Witherspoon","","","University of Florida","WNBA","v","regular","NYL"
"1998","3","0","29","NYL","Albena","Branzova","Albena Branzova","","","Florida International University","WNBA","v","regular","NYL"
"1998","4","0","39","NYL","Vanessa","Nygaard","Vanessa Nygaard","","","Stanford University","WNBA","v","regular","NYL"
"1998","1","0","9","NYL","Alicia","Thompson","Alicia Thompson","","","Texas Tech University","WNBA","v","regular","NYL"
"1998","2","0","19","NYL","Nadine","Domond","Nadine Domond","","","University of Iowa","WNBA","v","regular","NYL"
"1999","4","0","42","NYL","Carolyn","Jones-Young","Carolyn Jones-Young","","","Auburn University","WNBA","v","regular","NYL"
"1999","2","0","18","NYL","Michele","VanGorp","Michele VanGorp","","","Duke University","WNBA","v","regular","NYL"
"1999","1","0","6","NYL","Crystal","Robinson","Crystal Robinson","","","Southeastern  Oklahoma State University","WNBA","v","regular","NYL"
"1999","3","0","30","NYL","Tamika","Whitmore","Tamika Whitmore","","","University of Memphis","WNBA","v","regular","NYL"
"2000","3","0","45","NYL","Jessica","Bibby","Jessica Bibby","","","Australia","WNBA","v","","NYL"
"2000","4","0","61","NYL","Natalie","Porter","Natalie Porter","","","Australia","WNBA","x","","NYL"
"2000","2","0","29","NYL","Desiree","Francis","Desiree Francis","","","Iowa State University","WNBA","v","","NYL"
"2000","1","0","13","NYL","Olga","Firsova","Olga Firsova","","","Kansas State University","WNBA","v","","NYL"
"2001","4","0","60","NYL","Tara","Mitchem","Tara Mitchem","","","Southwest Missouri State University","WNBA","x","","NYL"
"2001","4","0","57","NYL","Taru","Tuukkanen","Taru Tuukkanen","","","Xavier University","WNBA","x","","WSM to NYL"
"2002","3","0","46","NYL","Tracy","Gahan","Tracy Gahan","","","Iowa State University","WNBA","x","","NYL"
"2002","4","0","62","NYL","Darrielle 'Dee Dee'","Warley","Darrielle 'Dee Dee' Warley","","","University of Maryland","WNBA","x","","NYL"
"2002","2","0","26","NYL","Linda","Fr?hlich","Linda Fr?hlich","","","University of Nevada-Las Vegas","WNBA","v","","HTC to NYL"
"2003","2","0","17","NYL","Erin","Thorn","Erin Thorn","","","Brigham Young University","WNBA","v","","SAC to NYL"
"2003","1","0","10","NYL","Molly","Creamer","Molly Creamer","","","Bucknell University","WNBA","x","","NYL"
"2003","2","0","24","NYL","Sonja","Mallory","Sonja Mallory","","","Georgia Institute of Technology","WNBA","v","","NYL"
"2003","3","0","39","NYL","Nicole","Kaczmarski","Nicole Kaczmarski","","","UCLA","WNBA","x","","NYL"
"2003","2","0","26","NYL","Kristen 'K.B.'","Sharp","Kristen 'K.B.' Sharp","","","University of Cincinnati","WNBA","v","","HTC to NYL"
"2004","3","0","30","NYL","Cathy","Joens","Cathy Joens","","","George Washington University","WNBA","v","","NYL"
"2004","2","0","17","NYL","Amisha","Carter","Amisha Carter","","","Louisiana Tech University","WNBA","v","","NYL"
"2004","1","0","5","NYL","Shameka","Christon","Shameka Christon","","","University of Arkansas","WNBA","v","","NYL"
"2005","3","0","36","NYL","Rebecca","Richman","Rebecca Richman","","","Rutgers University","WNBA","x","","NYL"
"2005","2","0","23","NYL","Tabitha","Poole","Tabitha Poole","","","University of Michigan","WNBA","x","","NYL"
"2005","1","0","10","NYL","Loree","Moore","Loree Moore","","","University of Tennessee","WNBA","v","","NYL"
"2006","2","0","23","NYL","Brooke","Queenan","Brooke Queenan","","","Boston College","WNBA","v","","NYL"
"2006","1","0","12","NYL","Sherill","Baker","Sherill Baker","","","University of Georgia","WNBA","v","","INF to NYL"
"2006","3","0","37","NYL","Christelle","N'Garsanet","Christelle N?Garsanet","","","University of Missouri","WNBA","v","","NYL"
"2007","3","0","29","NYL","Martina","Weber","Martina Weber","","","Iona College","WNBA","v","","NYL"
"2007","2","0","16","NYL","Shay","Doron","Shay Doron","","","University of Maryland","WNBA","v","","NYL"
"2007","1","0","5","NYL","Tiffany","Jackson","Tiffany Jackson","","","University of Texas","WNBA","v","","NYL"
"2008","2","0","27","NYL","Wanisha","Smith","Wanisha Smith","","","Duke University","WNBA","v","","PHM to NYL"
"2008","1","0","7","NYL","Essence","Carson","Essence Carson","","","Rutgers University","WNBA","v","","NYL"
"2008","1","0","14","NYL","Erlana","Larkins","Erlana Larkins","","","University of North Carolina","WNBA","v","","DTS to SSS to NYL"
"2008","3","0","35","NYL","Alberta","Auguste","Alberta Auguste","","","University of Tennessee","WNBA","x","","NYL"
"2009","2","0","21","NYL","Abby","Waner","Abby Waner","","","Duke University","WNBA","x","","NYL"
"2009","1","0","8","NYL","Kia","Vaughn","Kia Vaughn","","","Rutgers University","WNBA","v","","NYL"
"2010","2","0","13","NYL","Kalana","Greene","Kalana Greene","","","University of Connecticut","WNBA","v","","NYL"
"2010","2","0","16","NYL","Ashley","Houts","Ashley Houts","","","University of Georgia","WNBA","v","","CSK to NYL"
"2010","3","0","25","NYL","Cory","Montgomery","Cory Montgomery","","","University of Nebraska","WNBA","x","","NYL"
"2011","1","0","10","NYL","Alex","Montgomery","Alex Montgomery","","","Georgia Institute of Technology","WNBA","v","","NYL"
"2011","2","0","22","NYL","Angel","Robinson","Angel Robinson","","","Marquette University","WNBA","x","","NYL"
"2011","3","0","34","NYL","Mekia","Valentine","Mekia Valentine","","","University of California, Santa Barbara","WNBA","x","","NYL"
"2012","3","0","36","NYL","Katelan","Redmon","Katelan Redmon","","","Gonzaga University","WNBA","x","","MNL to NYL"
"2012","1","0","7","NYL","Kelley","Cain","Kelley Cain","","","University of Tennessee","WNBA","x","","NYL"
"1999","4","0","50","ORL","Elaine","Powell","Elaine Powell","","","Louisiana State University","WNBA","v","regular","ORM"
"1999","3","0","32","ORL","Taj","McWilliams","Taj McWilliams","","","St. Edward's University","WNBA","v","regular","ORM"
"1999","1","0","8","ORL","Tari","Phillips","Tari Phillips","","","University of Central Florida","WNBA","v","regular","ORM"
"1999","4","0","44","ORL","Carla","McGhee","Carla McGhee","","","University of Tennessee","WNBA","v","regular","ORM"
"1999","2","0","20","ORL","Sheri","Sam","Sheri Sam","","","Vanderbilt University","WNBA","v","regular","ORM"
"2000","1","0","4","ORL","Cintia","dos Santos","Cintia dos Santos","","","Brazil","WNBA","v","","ORM"
"2000","4","0","52","ORL","Romana","Hamzova","Romana Hamzova","","","Czech Republic","WNBA","v","","ORM"
"2000","2","0","20","ORL","Jannon","Roland","Jannon Roland","","","Purdue University","WNBA","v","","ORM"
"2000","3","0","36","ORL","Shawnetta","Stewart","Shawnetta Stewart","","","Rutgers University","WNBA","x","","ORM"
"2001","2","0","26","ORL","Brooke","Wyckoff","Brooke Wyckoff","","","Florida State University","WNBA","v","","ORM"
"2001","1","0","10","ORL","Katie","Douglas","Katie Douglas","","","Purdue University","WNBA","v","","ORM"
"2001","3","0","42","ORL","Jaclyn","Johnson","Jaclyn Johnson","","","University of Kansas","WNBA","v","","ORM"
"2001","4","0","58","ORL","Anne","Thorius","Anne Thorius","","","University of Michigan","WNBA","x","","ORM"
"2002","4","0","55","ORL","Tomeka","Brown","Tomeka Brown","","","Ohio State University","WNBA","x","","ORM"
"2002","2","0","23","ORL","Davalyn","Cunningham","Davalyn Cunningham","","","Rutgers University","WNBA","v","","ORM"
"2002","3","0","39","ORL","Saundra","Jackson","Saundra Jackson","","","University of Mississippi","WNBA","x","","ORM"
"1997","4","0","25","PHO","Monique","Ambers","Monique Ambers","","","Arizona State University","WNBA","v","regular","PHM"
"1997","2","0","14","PHO","Michelle","Timms","Michelle Timms","","","Australia","WNBA","v","initial","PHM"
"1997","3","0","24","PHO","Umeki","Webb","Umeki Webb","","","North Carolina State University","WNBA","v","regular","PHM"
"1997","2","0","15","PHO","Nancy","Lieberman-Cline","Nancy Lieberman-Cline","","","Old Dominion University","WNBA","v","elite","PHM"
"1997","1","0","7","PHO","Bridget","Pettis","Bridget Pettis","","","University of Florida","WNBA","v","elite","PHM"
"1997","1","0","8","PHO","Toni","Foster","Toni Foster","","","University of Iowa","WNBA","v","regular","PHM"
"1997","2","0","9","PHO","Tia","Jackson","Tia Jackson","","","University of Iowa","WNBA","v","regular","PHM"
"1997","1","0","6","PHO","Jennifer","Gillom","Jennifer Gillom","","","University of Mississippi","WNBA","v","initial","PHM"
"1998","4","0","38","PHO","Karen","Wilkins","Karen Wilkins","","","Howard University","WNBA","x","regular","PHM"
"1998","1","0","8","PHO","Maria","Stepanova","Maria Stepanova","","","Russia","WNBA","v","regular","PHM"
"1998","2","0","18","PHO","Andrea","Kuklova","Andrea Kuklova","","","Slovakia","WNBA","v","regular","PHM"
"1998","3","0","28","PHO","Brandy","Reed","Brandy Reed","","","University of Southern Mississippi","WNBA","v","regular","PHM"
"1999","4","0","46","PHO","Amanda","Wilson","Amanda Wilson","","","Louisiana Tech University","WNBA","v","regular","PHM"
"1999","3","0","34","PHO","Lisa","Harrison","Lisa Harrison","","","University of Tennessee","WNBA","v","regular","PHM"
"1999","1","0","10","PHO","Edna","Campbell","Edna Campbell","","","University of Texas","WNBA","v","regular","PHM"
"1999","2","0","22","PHO","Clarissa","Davis-Wrightsil","Clarissa Davis-Wrightsil","","","University of Texas","WNBA","v","regular","PHM"
"2000","3","0","37","PHO","Tauja","Catchings","Tauja Catchings","","","University of Illinois","WNBA","x","","PHM"
"2000","4","0","53","PHO","Shantia","Owens","Shantia Owens","","","University of Kentucky","WNBA","v","","PHM"
"2000","2","0","21","PHO","Adrian","Williams","Adrian Williams","","","University of Southern California","WNBA","v","","PHM"
"2001","1","0","13","PHO","Kristen","Veal","Kristen Veal","","","Australia","WNBA","v","","PHM"
"2001","2","0","29","PHO","Ilona","Korstine","Ilona Korstine","","","Russia","WNBA","v","","PHM"
"2001","4","0","53","PHO","Carolyn","Moos","Carolyn Moos","","","Stanford University","WNBA","v","","MIS to PHM"
"2001","4","0","61","PHO","Megan","Franza","Megan Franza","","","University of Washington","WNBA","x","","PHM"
"2001","3","0","45","PHO","Tere","Williams","Tere Williams","","","Virginia Polytechnic Institute","WNBA","x","","PHM"
"2002","4","0","56","PHO","Amba","Kongolo","Amba Kongolo","","","North Carolina Central University","WNBA","x","","PHM"
"2002","3","0","40","PHO","Kayte","Christensen","Kayte Christensen","","","University of California, Santa Barbara","WNBA","v","","PHM"
"2002","2","0","25","PHO","LaShaneal 'Tootie'","Shaw","LaShaneal 'Tootie' Shaw","","","Wichita State University","WNBA","x","","CHR to PHM"
"2003","1","0","4","PHO","Plenette","Pierson","Plenette Pierson","","","Texas Tech University","WNBA","v","","PHM"
"2003","3","0","33","PHO","Marion","Jones","Marion Jones","","","University of North Carolina","WNBA","v","","MIS to PHM"
"2003","2","0","16","PHO","Petra","Ujhelyi","Petra Ujhelyi","","","University of South Carolina","WNBA","v","","PHM"
"2003","3","0","31","PHO","Telisha","Quarles","Telisha Quarles","","","University of Virginia","WNBA","x","","PHM"
"2004","1","0","1","PHO","Diana","Taurasi","Diana Taurasi","","","University of Connecticut","WNBA","v","","PHM"
"2004","1","0","8","PHO","Chandi","Jones","Chandi Jones","","","University of Houston","WNBA","v","","CON to PHM"
"2004","3","0","27","PHO","Maria","Villarroel","Maria Villarroel","","","University of Oklahoma","WNBA","x","","PHM"
"2004","2","0","14","PHO","Ashley","Robinson","Ashley Robinson","","","University of Tennessee","WNBA","v","","PHM"
"2005","1","0","3","PHO","Sandora","Irvin","Sandora Irvin","","","Texas Christian University","WNBA","v","","PHM"
"2005","2","0","18","PHO","Angelina","Williams","Angelina Williams","","","University of Illinois","WNBA","v","","PHM"
"2005","3","0","31","PHO","Jamie","Carey","Jamie Carey","","","University of Texas","WNBA","v","","PHM"
"2006","2","0","21","PHO","Mistie","Williams","Mistie Williams","","","Duke University","WNBA","v","","DTS to PHM"
"2006","2","0","18","PHO","Liz","Shimek","Liz Shimek","","","Michigan State University","WNBA","x","","PHM"
"2006","1","0","2","PHO","Cappie","Pondexter","Cappie Pondexter","","","Rutgers University","WNBA","v","","PHM"
"2006","3","0","32","PHO","Crystal","Smith","Crystal Smith","","","University of Iowa","WNBA","v","","PHM"
"2007","3","0","37","PHO","Emily","Westerberg","Emily Westerberg","","","Arizona State University","WNBA","x","","PHM"
"2007","1","0","1","PHO","Lindsey","Harding","Lindsey Harding","","","Duke University","WNBA","v","","PHM"
"2007","3","0","31","PHO","Chrissy","Givens","Chrissy Givens","","","Middle Tennessee State University","WNBA","v","","PHM"
"2007","2","0","18","PHO","Tyresa","Smith","Tyresa Smith","","","University of Delaware","WNBA","v","","PHM"
"2007","3","0","28","PHO","Leah","Rush","Leah Rush","","","University of Oklahoma","WNBA","v","","PHM"
"2008","1","0","13","PHO","LaToya","Pringle","LaToya Pringle","","","University of North Carolina","WNBA","v","","PHM"
"2008","2","0","25","PHO","Leilani","Mitchell","Leilani Mitchell","","","University of Utah","WNBA","v","","SSS to PHM"
"2009","1","0","5","PHO","DeWanna","Bonner","DeWanna Bonner","","","Auburn University","WNBA","v","","PHM"
"2009","3","0","34","PHO","Jessica","Adair","Jessica Adair","","","George Washington University","WNBA","v","","NYL to PHM"
"2009","3","0","31","PHO","Sha","Brooks","Sha Brooks","","","University of Florida","WNBA","x","","PHM"
"2010","2","0","24","PHO","Tyra","Grant","Tyra Grant","","","Penn State University","WNBA","x","","PHM"
"2010","3","0","36","PHO","Nyeshia","Stevenson","Nyeshia Stevenson","","","University of Oklahoma","WNBA","x","","PHM"
"2011","2","0","19","PHO","Brittany","Spears","Brittany Spears","","","University of Colorado","WNBA","x","","PHM"
"2011","3","0","31","PHO","Tahnee","Robinson","Tahnee Robinson","","","University of Nevada","WNBA","x","","PHM"
"2012","1","0","6","PHO","Samantha","Prahalis","Samantha Prahalis","","","Ohio State University","WNBA","x","","PHM"
"2012","2","0","24","PHO","C'eira","Ricketts","C?eira Ricketts","","","University of Arkansas","WNBA","x","","MNL to PHM"
"2012","3","0","30","PHO","Christine","Flores","Christine Flores","","","University of Missouri","WNBA","x","","PHM"
"2012","3","0","33","PHO","Amanda","Johnson","Amanda Johnson","","","University of Oregon","WNBA","x","","CON to PHM"
"1998","3","0","22","PHR","Liliana","Cabezas","Liliana Cabezas","","","Central Florida Community College","ABL","x","","PHR"
"1998","2","0","12","PHR","Shantel","Hardison","Shantel Hardison","","","Louisiana Tech University","ABL","x","","PHR"
"1998","1","0","2","PHR","Chasity","Melvin","Chasity Melvin","","","North Carolina State University","ABL","v","","PHR"
"1998","4","0","32","PHR","Traci","Thirdgill","Traci Thirdgill","","","University of Washington","ABL","x","","PHR"
"2000","4","0","55","POR","Rhonda","Smith","Rhonda Smith","","","California State University, Long Beach","WNBA","x","","POF"
"2000","3","0","39","POR","Maxann","Reese","Maxann Reese","","","Michigan State University","WNBA","x","","POF"
"2000","1","0","7","POR","Lynn","Pride","Lynn Pride","","","University of Kansas","WNBA","v","","POF"
"2000","2","0","23","POR","Stacey","Thomas","Stacey Thomas","","","University of Michigan","WNBA","v","","POF"
"2001","3","0","36","POR","Rasheeda","Clark","Rasheeda Clark","","","Pepperdine University","WNBA","x","","POF"
"2001","4","0","52","POR","Natasha","Pointer","Natasha Pointer","","","Rutgers University","WNBA","x","","POF"
"2001","1","0","4","POR","Jackie","Stiles","Jackie Stiles","","","Southwest Missouri State University","WNBA","v","","POF"
"2001","1","0","12","POR","LaQuanda","Barksdale","LaQuanda Barksdale","","","University of North Carolina","WNBA","v","","NYL to MNL to POF"
"2001","2","0","20","POR","Jenny","Mowe","Jenny Mowe","","","University of Oregon","WNBA","v","","POF"
"2002","4","0","50","POR","Melody","Johnson","Melody Johnson","","","Arizona State University","WNBA","x","","DTS to POF"
"2002","3","0","37","POR","Mandy","Nightingale","Mandy Nightingale","","","University of Colorado","WNBA","x","","POF"
"2002","4","0","53","POR","Monique","Cardenas","Monique Cardenas","","","University of Florida","WNBA","x","","POF"
"2002","1","0","5","POR","Nikki","Teasley","Nikki Teasley","","","University of North Carolina","WNBA","v","","POF"
"1997","2","0","11","PRT","Laticia","Morris","Laticia Morris","","","Auburn University","ABL","x","","PRT"
"1997","3","0","20","PRT","Elaine","Powell","Elaine Powell","","","Louisiana State University","ABL","v","","PRT"
"1997","6","0","47","PRT","Charmin","Smith","Charmin Smith","","","Stanford University","ABL","v","","PRT"
"1997","4","0","29","PRT","Erin","Scholz","Erin Scholz","","","University of Colorado","ABL","x","","PRT"
"1997","1","0","2","PRT","DeLisha","Milton","DeLisha Milton","","","University of Florida","ABL","v","","PRT"
"1997","5","0","38","PRT","Markita","Aldridge","Markita Aldridge","","","University of North Carolina-Charlotte","ABL","v","","PRT"
"1998","5","0","48","PRT","Laticia","Morris","Laticia Morris","","","Auburn University","ABL","x","","PRT"
"1998","1","0","10","PRT","Debra","Williams","Debra Williams","","","Louisiana Tech University","ABL","v","","COQ to PRT"
"1998","1","0","8","PRT","Averrill","Roberts","Averrill Roberts","","","Ohio State University","ABL","x","","PRT"
"1998","4","0","38","PRT","Heather","Owen","Heather Owen","","","Stanford University","ABL","v","","PRT"
"1998","3","0","21","PRT","Shelley","Sheetz","Shelley Sheetz","","","University of Colorado","ABL","x","","CCO to PRT"
"1998","1","0","1","PRT","Danielle","McCulley","Danielle McCulley","","","Western Kentucky University","ABL","v","","CCO to PRT"
"1997","4","0","35","RIC","Dana","Wilkerson","Dana Wilkerson","","","California State University, Long Beach","ABL","x","","RIR"
"1997","6","0","53","RIC","Esther","Benjamin","Esther Benjamin","","","Old Dominion University","ABL","x","","RIR"
"1997","5","0","44","RIC","Amy","Mallon","Amy Mallon","","","St. Joseph?s University","ABL","x","","RIR"
"1997","1","0","8","RIC","La'Keshia","Frett","La?Keshia Frett","","","University of Georgia","ABL","v","T","RIR"
"1997","2","0","17","RIC","Beth","Morgan","Beth Morgan","","","University of Notre Dame","ABL","x","","RIR"
"1997","3","0","26","RIC","Michelle","Campbell","Michelle Campbell","","","University of Southern California","ABL","v","","RIR"
"1997","1","0","7","SAC","Ruthie","Bolton-Holifield","Ruthie Bolton-Holifield","","","Auburn University","WNBA","v","initial","SAM"
"1997","3","0","18","SAC","Chantel","Tremitiere","Chantel Tremitiere","","","Auburn University","WNBA","v","regular","SAM"
"1997","4","0","31","SAC","Tajama","Abraham","Tajama Abraham","","","George Washington University","WNBA","v","regular","SAM"
"1997","2","0","15","SAC","Denique","Graves","Denique Graves","","","Howard University","WNBA","v","regular","SAM"
"1997","2","0","14","SAC","Mikiko","Hagiwara","Mikiko Hagiwara","","","Japan","WNBA","v","elite","SAM"
"1997","1","0","6","SAC","Judy","Mosley-McAfee","Judy Mosley-McAfee","","","University of Hawaii","WNBA","v","elite","SAM"
"1997","1","0","2","SAC","Pamela","McGee","Pamela McGee","","","University of Southern California","WNBA","v","regular","SAM"
"1997","2","0","15","SAC","Bridgette","Gordon","Bridgette Gordon","","","University of Tennessee","WNBA","v","initial","SAM"
"1998","3","0","22","SAC","Quacy","Barnes","Quacy Barnes","","","Indiana University","WNBA","v","regular","SAM"
"1998","1","0","2","SAC","Ticha","Penicheiro","Ticha Penicheiro","","","Old Dominion University","WNBA","v","regular","SAM"
"1998","4","0","32","SAC","Adia","Barnes","Adia Barnes","","","University of Arizona","WNBA","v","regular","SAM"
"1998","2","0","12","SAC","Tangela","Smith","Tangela Smith","","","University of Iowa","WNBA","v","regular","SAM"
"1999","1","0","2","SAC","Yolanda","Griffith","Yolanda Griffith","","","Florida Atlantic University","WNBA","v","regular","SAM"
"1999","3","0","26","SAC","Kate","Starbird","Kate Starbird","","","Stanford University","WNBA","v","regular","SAM"
"1999","2","0","14","SAC","Kedra","Holland-Corn","Kedra Holland-Corn","","","University of Georgia","WNBA","v","regular","SAM"
"1999","4","0","38","SAC","Amy","Herrig","Amy Herrig","","","University of Iowa","WNBA","v","regular","SAM"
"2000","4","0","62","SAC","Jessica","Zinobile","Jessica Zinobile","","","St. Francis University ","WNBA","x","","SAM"
"2000","1","0","14","SAC","Katy","Steding","Katy Steding","","","Stanford University","WNBA","v","","SAM"
"2000","2","0","30","SAC","Stacy","Clinesmith","Stacy Clinesmith","","","University of California, Santa Barbara","WNBA","v","","SAM"
"2000","3","0","46","SAC","Rhonda","Banchero","Rhonda Banchero","","","University of Washington","WNBA","v","","SAM"
"2001","2","0","30","SAC","Jackie","Moore","Jackie Moore","","","California State University, Long Beach","WNBA","v","","SAM"
"2001","4","0","62","SAC","Katie","Smrcka-Duffy","Katie Smrcka-Duffy","","","Georgetown University","WNBA","v","","SAM"
"2001","3","0","46","SAC","Maren","Walseth","Maren Walseth","","","Penn State University","WNBA","v","","SAM"
"2002","1","0","12","SAC","Hamch?tou","Ma?ga","Hamch?tou Ma?ga","","","Old Dominion University","WNBA","v","","SAM"
"2002","4","0","51","SAC","Jermisha","Dosty","Jermisha Dosty","","","St. Mary?s University","WNBA","x","","SES to SAM"
"2002","4","0","60","SAC","Elizabeth","Pickney","Elizabeth Pickney","","","University of Arizona","WNBA","x","","SAM"
"2002","3","0","44","SAC","Alayne","Ingram","Alayne Ingram","","","University of Michigan","WNBA","x","","SAM"
"2003","1","0","2","SAC","Chantelle","Anderson","Chantelle Anderson","","","Vanderbilt University","WNBA","v","","SAM"
"2004","1","0","10","SAC","Rebekkah","Brunson","Rebekkah Brunson","","","Georgetown University","WNBA","v","","SAM"
"2004","3","0","36","SAC","Nuria","Martinez","Nuria Martinez","","","Spain","WNBA","v","","SAM"
"2005","3","0","30","SAC","Anne","O'Neil","Anne O?Neil","","","Iowa State University","WNBA","x","","CHR to SAM"
"2005","1","0","9","SAC","Kristin","Haynie","Kristin Haynie","","","Michigan State University","WNBA","v","","SAM"
"2005","2","0","22","SAC","Chelsea","Newton","Chelsea Newton","","","Rutgers University","WNBA","v","","SAM"
"2005","3","0","35","SAC","Cisti","Greenwalt","Cisti Greenwalt","","","Texas Tech University","WNBA","v","","SAM"
"2006","1","0","14","SAC","Scholanda","Hoston","Scholanda Hoston","","","Louisiana State University","WNBA","x","","CON to SSS to SAM"
"2006","3","0","41","SAC","Lamisha","Augustine","Lamisha Augustine","","","San Jose State University","WNBA","x","","SAM"
"2006","1","0","13","SAC","Kim","Smith","Kim Smith","","","University of Utah","WNBA","v","","SAM"
"2007","2","0","21","SAC","Jessica","Dickson","Jessica Dickson","","","University of South Florida","WNBA","x","","SAM"
"2008","3","0","41","SAC","Marscilla","Packer","Marscilla Packer","","","Ohio State University","WNBA","x","","SAM"
"2008","3","0","38","SAC","A'Quonesia","Franklin","A?Quonesia Franklin","","","Texas A&M University","WNBA","v","","SAM"
"2008","1","0","10","SAC","Laura","Harper","Laura Harper","","","University of Maryland","WNBA","v","","SAM"
"2008","3","0","43","SAC","Charel","Allen","Charel Allen","","","University of Notre Dame","WNBA","v","","SAM"
"2008","3","0","40","SAC","Izabela","Piekarska","Izabela Piekarska","","","University of Texas-El Paso","WNBA","x","","INF to SAM"
"2009","2","0","20","SAC","Whitney","Boddie","Whitney Boddie","","","Auburn University","WNBA","v","","SAM"
"2009","1","0","7","SAC","Courtney","Paris","Courtney Paris","","","University of Oklahoma","WNBA","v","","SAM"
"2009","3","0","33","SAC","Morgan","Warburton","Morgan Warburton","","","University of Utah","WNBA","x","","SAM"
"2003","3","0","40","SAS","Brooke","Armistead","Brooke Armistead","","","Austin Peay University","WNBA","x","","SSS"
"2003","2","0","25","SAS","Ke-Ke","Tardy","Ke-Ke Tardy","","","Louisiana State University","WNBA","x","","SSS"
"2003","1","0","11","SAS","Coretta","Brown","Coretta Brown","","","University of North Carolina","WNBA","v","","SSS"
"2004","3","0","34","SAS","Toccara","Williams","Toccara Williams","","","Texas A&M University","WNBA","v","","CON to SSS"
"2004","2","0","21","SAS","Cindy","Dallas","Cindy Dallas","","","University of Illinois","WNBA","x","","CON to SSS"
"2005","1","0","4","SAS","Kendra","Wecker","Kendra Wecker","","","Kansas State University","WNBA","v","","SSS"
"2005","3","0","27","SAS","Cathrine","Kraayeveld","Cathrine Kraayeveld","","","University of Oregon","WNBA","v","","SSS"
"2005","2","0","14","SAS","Shyra","Ely","Shyra Ely","","","University of Tennessee","WNBA","v","","SSS"
"2006","1","0","4","SAS","Sophia","Young","Sophia Young","","","Baylor University","WNBA","v","","SSS"
"2006","3","0","30","SAS","Khara","Smith","Khara Smith","","","DePaul University","WNBA","x","","SSS"
"2006","2","0","16","SAS","Shanna","Zolman","Shanna Zolman","","","University of Tennessee","WNBA","v","","SSS"
"2007","1","0","2","SAS","Jessica","Davenport","Jessica Davenport","","","Ohio State University","WNBA","v","","SSS"
"2007","2","0","17","SAS","Camille","Little","Camille Little","","","University of North Carolina","WNBA","v","","SSS"
"2007","3","0","30","SAS","Nare","Diawara","Nare Diawara","","","Virginia Polytechnic Institute","WNBA","x","","SSS"
"2008","2","0","21","SAS","Chioma","Nnamaka","Chioma Nnamaka","","","Georgia Institute of Technology","WNBA","v","","NYL to SSS"
"2008","3","0","39","SAS","Alex","Anderson","Alex Anderson","","","University of Tennessee at Chattanooga","WNBA","x","","SSS"
"2009","2","0","14","SAS","Megan","Frazee","Megan Frazee","","","Liberty University","WNBA","v","","ATD to SSS"
"2009","2","0","26","SAS","Sonja","Petrovic","Sonja Petrovi?","","","Serbia","WNBA","x","","SSS"
"2009","3","0","39","SAS","Candyce","Bingham","Candyce Bingham","","","University of Louisville","WNBA","x","","SSS"
"2010","2","0","17","SAS","Alysha","Clark","Alysha Clark","","","Middle Tennessee State University","WNBA","x","","SSS"
"2010","3","0","29","SAS","Alexis","Rack","Alexis Rack","","","Mississippi State University","WNBA","x","","SSS"
"2010","1","0","5","SAS","Jayne","Appel","Jayne Appel","","","Stanford University","WNBA","v","","SSS"
"2011","2","0","20","SAS","Danielle","Adams","Danielle Adams","","","Texas A&M University","WNBA","v","","ATD to SSS"
"2011","3","0","30","SAS","Porsha","Phillips","Porsha Phillips","","","University of Georgia","WNBA","v","","SSS"
"2011","1","0","6","SAS","Danielle","Robinson","Danielle Robinson","","","University of Oklahoma","WNBA","v","","SSS"
"2012","1","0","5","SAS","Shenise","Johnson","Shenise Johnson","","","University of Miami","WNBA","x","","SSS"
"2000","1","0","9","SEA","Kamila","Vodichkova","Kamila Vodichkova","","","Czech Republic","WNBA","v","","SES"
"2000","4","0","57","SEA","Katrina","Hibbert","Katrina Hibbert","","","Louisiana State University","WNBA","v","","SES"
"2000","3","0","41","SEA","Kirra","Jordan","Kirra Jordan","","","Rice University","WNBA","x","","SES"
"2000","2","0","25","SEA","Charisse","Sampson","Charisse Sampson","","","University of Kansas","WNBA","v","","SES"
"2001","1","0","1","SEA","Lauren","Jackson","Lauren Jackson","","","Australia","WNBA","v","","SES"
"2001","4","0","49","SEA","Juana","Brown","Juana Brown","","","University of North Carolina","WNBA","x","","SES"
"2001","2","0","17","SEA","Semeka","Randall","Semeka Randall","","","University of Tennessee","WNBA","v","","SES"
"2002","3","0","35","SEA","Takeisha","Lewis","Takeisha Lewis","","","Louisiana Tech University","WNBA","v","","SES"
"2002","2","0","19","SEA","Lucienne","Berthieu","Lucienne Berthieu","","","Old Dominion University","WNBA","v","","SES"
"2002","2","0","28","SEA","Felicia","Ragland","Felicia Ragland","","","Oregon State University","WNBA","v","","SAM to SES"
"2002","1","0","1","SEA","Sue","Bird","Sue Bird","","","University of Connecticut","WNBA","v","","SES"
"2003","2","0","22","SEA","Suzy","Batkovic","Suzy Batkovic","","","Australia","WNBA","v","","SES"
"2003","3","0","37","SEA","Chrissy","Floyd","Chrissy Floyd","","","Clemson University","WNBA","x","","SES"
"2003","1","0","8","SEA","Jung","Sun-min","Jung Sun-min","","","Korea","WNBA","v","","SES"
"2004","2","0","19","SEA","Catrina","Frierson","Catrina Frierson","","","Louisiana Tech University","WNBA","x","","SES"
"2005","3","0","38","SEA","Stephanie","Blackmon","Stephanie Blackmon","","","Baylor University","WNBA","x","","SES"
"2005","1","0","12","SEA","Tanisha","Wright","Tanisha Wright","","","Penn State University","WNBA","v","","SES"
"2005","2","0","25","SEA","Ashley","Battle","Ashley Battle","","","University of Connecticut","WNBA","v","","SES"
"2006","3","0","39","SEA","Erin","Grant","Erin Grant","","","Texas Tech University","WNBA","v","","SES"
"2006","1","0","11","SEA","Barbara","Turner","Barbara Turner","","","University of Connecticut","WNBA","v","","SES"
"2006","2","0","25","SEA","Dalila","Eshe","Dalila Eshe","","","University of Florida","WNBA","x","","SES"
"2007","3","0","33","SEA","Brandie","Hoskins","Brandie Hoskins","","","Ohio State University","WNBA","x","","SES"
"2007","1","0","7","SEA","Katie","Gearlds","Katie Gearlds","","","Purdue University","WNBA","v","","SES"
"2008","2","0","22","SEA","Allie","Quigley","Allie Quigley","","","DePaul University","WNBA","v","","SES"
"2008","3","0","36","SEA","Kimberly","Beck","Kimberly Beck","","","George Washington University","WNBA","v","","SES"
"2009","3","0","38","SEA","Mara","Freshour","Mara Freshour","","","Florida State University","WNBA","x","","SES"
"2009","1","0","12","SEA","Ashley","Walker","Ashley Walker","","","University of California","WNBA","v","","SES"
"2010","3","0","34","SEA","Tijana","Krivacevic","Tijana Krivacevic","","","Hungary","WNBA","x","","SES"
"2010","1","0","10","SEA","Alison","Lacey","Alison Lacey","","","Iowa State University","WNBA","v","","SES"
"2010","2","0","22","SEA","Tanisha","Smith","Tanisha Smith","","","Texas A&M University","WNBA","v","","SES"
"2011","1","0","12","SEA","Jasmine","Thomas","Jasmine Thomas","","","Duke University","WNBA","v","","SES"
"2011","3","0","36","SEA","Krystal","Thomas","Krystal Thomas","","","Duke University","WNBA","v","","SES"
"2011","2","0","24","SEA","Ify","Ibekwe","Ify Ibekwe","","","University of Arizona","WNBA","v","","SES"
"2012","2","0","22","SEA","Keisha","Hampton","Keisha Hampton","","","DePaul University","WNBA","x","","SES"
"2012","1","0","2","SEA","Shekinna","Stricklen","Shekinna Stricklen","","","University of Tennessee","WNBA","x","","CSK to SES"
"1997","4","0","33","SER","Kira","Orr","Kira Orr","","","Duke University","ABL","x","","SJL to SER"
"1997","4","0","31","SER","Yvette","Angel","Yvette Angel","","","Ohio State University","ABL","v","","SER"
"1997","2","0","13","SER","Astou","Ndiaye","Astou Ndiaye","","","Southern Nazarene University","ABL","v","","SER"
"1997","1","0","4","SER","Kate","Starbird","Kate Starbird","","","Stanford University","ABL","v","","SER"
"1997","1","0","7","SER","Shalonda","Enis","Shalonda Enis","","","University of Alabama","ABL","v","","COX to SER"
"1997","6","0","49","SER","Pashen","Thompson","Pashen Thompson","","","University of Tennessee","ABL","x","","COQ to SER"
"1998","3","0","29","SER","Boky","Vidic","Boky Vidic","","","Oregon State University","ABL","x","","LBS to SER"
"1998","3","0","23","SER","Nadine","Malcolm","Nadine Malcolm","","","Providence College","ABL","v","","SER"
"1998","2","0","13","SER","Naomi","Mulitauaopele","Naomi Mulitauaopele","","","Stanford University","ABL","v","","SER"
"1998","4","0","40","SER","Nicky","McCrimmon","Nicky McCrimmon","","","University of Southern California","ABL","v","","COQ to SER"
"1997","5","0","42","SJL","Laurie","Byrd","Laurie Byrd","","","Eastern Michigan University","ABL","x","","SJL"
"1997","1","0","6","SJL","Clarisse","Machanguana","Clarisse Machanguana","","","Old Dominion University","ABL","v","","SJL"
"1997","3","0","24","SJL","Kisa","Bradley","Kisa Bradley","","","Oral Roberts University","ABL","x","","SJL"
"1997","6","0","51","SJL","Jamillah","Lang","Jamillah Lang","","","University of Colorado","ABL","x","","SJL"
"1997","2","0","15","SJL","Kedra","Holland-Corn","Kedra Holland-Corn","","","University of Georgia","ABL","v","","SJL"
"1997","3","0","22","SJL","Katryna","Gaither","Katryna Gaither","","","University of Notre Dame","ABL","v","","SER to SJL"
"1998","1","0","6","SJL","Sharon","Thompson","Sharon Thompson","","","Mississippi State University","ABL","x","","SJL"
"1998","5","0","46","SJL","Molly","Goodenbour","Molly Goodenbour","","","Stanford University","ABL","x","","SJL"
"1998","2","0","16","SJL","Anna","De Forge","Anna De Forge","","","University of Nebraska","ABL","v","","SJL"
"1998","3","0","25","SJL","LaToya","Doage","LaToya Doage","","","University of Nebraska","ABL","x","","PRT to COX to SJL"
"1998","3","0","26","SJL","Tiffani","Johnson","Tiffani Johnson","","","University of Tennessee","ABL","v","","SJL"
"2010","3","0","31","TUL","Vivian","Frieson","Vivian Frieson","","","Gonzaga University","WNBA","x","","TLS"
"2010","2","0","19","TUL","Amanda","Thompson","Amanda Thompson","","","University of Oklahoma","WNBA","v","","TLS"
"2011","1","0","2","TUL","Liz","Cambage","Liz Cambage","","","Australia","WNBA","v","","TLS"
"2011","1","0","7","TUL","Kayla","Pedersen","Kayla Pedersen","","","Stanford University","WNBA","v","","PHM to TLS"
"2011","3","0","25","TUL","Chastity","Reed","Chastity Reed","","","University of Arkansas at Little Rock","WNBA","v","","TLS"
"2011","2","0","21","TUL","Italee","Lucas","Italee Lucas","","","University of North Carolina","WNBA","x","","INF to TLS"
"2012","3","0","29","TUL","Lynetta","Kizer","Lynetta Kizer","","","University of Maryland","WNBA","v","","SSS to TLS"
"2012","2","0","17","TUL","Riquna","Williams","Riquna Williams","","","University of Miami","WNBA","v","","SSS to TLS"
"2012","1","0","4","TUL","Glory","Johnson","Glory Johnson","","","University of Tennessee","WNBA","x","","TLS"
"2012","3","0","25","TUL","Vicki","Baugh","Vicki Baugh","","","University of Tennessee","WNBA","x","","TLS"
"1997","4","0","28","UTA","Kim","Williams","Kim Williams","","","DePaul University","WNBA","v","regular","USZ"
"1997","3","0","21","UTA","Raegan","Scott","Raegan Scott","","","University of Colorado","WNBA","v","regular","USZ"
"1997","2","0","12","UTA","Jessie","Hicks","Jessie Hicks","","","University of Maryland","WNBA","v","regular","USZ"
"1997","1","0","5","UTA","Tammi","Reiss","Tammi Reiss","","","University of Virginia","WNBA","v","regular","USZ"
"1997","1","0","8","UTA","Elena","Baranova","Elena Baranova","","","Russia","WNBA","v","initial","UTZ"
"1997","2","0","16","UTA","Le Juana 'Lady'","Hardmon","Le Juana ?Lady? Hardmon","","","University of Georgia","WNBA","v","initial","UTZ"
"1997","1","0","1","UTA","Dena","Head","Dena Head","","","University of Tennessee","WNBA","v","elite","UTZ"
"1997","2","0","9","UTA","Wendy","Palmer","Wendy Palmer","","","University of Virginia","WNBA","v","elite","UTZ"
"1998","4","0","31","UTA","Tricia","Bader","Tricia Bader","","","Boise State University","WNBA","v","regular","USZ"
"1998","1","0","1","UTA","Malgorzata 'Margo'","Dydek","Malgorzata ?Margo? Dydek","","","Poland","WNBA","v","regular","USZ"
"1998","2","0","11","UTA","Olympia","Scott","Olympia Scott","","","Stanford University","WNBA","v","regular","USZ"
"1998","3","0","21","UTA","LaTonya","Johnson","LaTonya Johnson","","","University of Memphis","WNBA","v","regular","USZ"
"1999","4","0","39","UTA","Dalma","Ivanyi","Dalma Ivanyi","","","Florida International University","WNBA","v","regular","USZ"
"1999","3","0","27","UTA","Adrienne","Goodson","Adrienne Goodson","","","Old Dominion University","WNBA","v","regular","USZ"
"1999","2","0","15","UTA","Debbie","Black","Debbie Black","","","St. Joseph?s University","WNBA","v","regular","USZ"
"1999","1","0","3","UTA","Natalie","Williams","Natalie Williams","","","UCLA","WNBA","v","regular","USZ"
"2000","3","0","35","UTA","Stacy","Frese","Stacy Frese","","","Iowa State University","WNBA","v","","USZ"
"2000","4","0","51","UTA","Kristen","Rasmussen","Kristen Rasmussen","","","Michigan State University","WNBA","v","","USZ"
"2000","1","0","12","UTA","Naomi","Mulitauaopele","Naomi Mulitauaopele","","","Stanford University","WNBA","v","","USZ"
"2001","1","0","8","UTA","Marie","Ferdinand","Marie Ferdinand","","","Louisiana State University","WNBA","v","","USZ"
"2001","3","0","40","UTA","Shea","Ralph","Shea Ralph","","","University of Connecticut","WNBA","x","","USZ"
"2001","2","0","24","UTA","Michaela","Pavlickova","Michaela Pavlickova","","","University of Denver","WNBA","v","","USZ"
"2001","4","0","56","UTA","Cara","Consuegra","Cara Consuegra","","","University of Iowa","WNBA","v","","USZ"
"2002","1","0","11","UTA","Danielle","Crockrom","Danielle Crockrom","","","Baylor University","WNBA","v","","USZ"
"2002","2","0","27","UTA","Andrea","Gardner","Andrea Gardner","","","Howard University","WNBA","v","","USZ"
"2002","4","0","59","UTA","Jaclyn","Winfield","Jaclyn Winfield","","","Southern University","WNBA","x","","USZ"
"2002","3","0","43","UTA","Edmarie","Lumbsley","Edmarie Lumbsley","","","University of Mobile","WNBA","x","","USZ"
"2002","1","0","14","UTA","LaNeishea","Caufield","LaNeishea Caufield","","","University of Oklahoma","WNBA","v","","NYL to USZ"
"1998","2","0","4","WAS","Alessandra","Santos de Oliveira","Alessandra Santos de Oliveira","","","Brazil","WNBA","v","initial","WSM"
"1998","2","0","13","WAS","Rita","Williams","Rita Williams","","","University of Connecticut","WNBA","v","regular","WSM"
"1998","1","0","3","WAS","Murriel","Page","Murriel Page","","","University of Florida","WNBA","v","regular","WSM"
"1998","3","0","23","WAS","Angela","Hamblin","Angela Hamblin","","","University of Iowa","WNBA","v","regular","WSM"
"1998","1","0","2","WAS","Nikki","McCray","Nikki McCray","","","University of Tennessee","WNBA","v","initial","WSM"
"1998","4","0","33","WAS","Angela","Jackson","Angela Jackson","","","University of Texas","WNBA","v","regular","WSM"
"1999","4","0","37","WAS","Jennifer","Whittle","Jennifer Whittle","","","Australia","WNBA","v","regular","WSM"
"1999","3","0","25","WAS","Andrea","Nagy","Andrea Nagy","","","Florida International University","WNBA","v","regular","WSM"
"1999","2","0","13","WAS","Shalonda","Enis","Shalonda Enis","","","University of Alabama","WNBA","v","regular","WSM"
"1999","1","0","1","WAS","Chamique","Holdsclaw","Chamique Holdsclaw","","","University of Tennessee","WNBA","v","regular","WSM"
"2000","1","0","2","WAS","Tausha","Mills","Tausha Mills","","","University of Alabama","WNBA","v","","WSM"
"2000","2","0","18","WAS","Tonya","Washington","Tonya Washington","","","University of Florida","WNBA","v","","WSM"
"2001","3","0","41","WAS","Jamie","Lewis","Jamie Lewis","","","Ohio State University","WNBA","x","","WSM"
"2001","3","0","44","WAS","Elena","Karpova","Elena Karpova","","","Russia","WNBA","x","","NYL to WSM"
"2001","2","0","25","WAS","Tamara","Stocks","Tamara Stocks","","","University of Florida","WNBA","v","","WSM"
"2001","1","0","9","WAS","Coco","Miller","Coco Miller","","","University of Georgia","WNBA","v","","WSM"
"2002","3","0","33","WAS","LaNisha","Cartwell","LaNisha Cartwell","","","University of Alabama","WNBA","x","","WSM"
"2002","1","0","4","WAS","Asjha","Jones","Asjha Jones","","","University of Connecticut","WNBA","v","","INF to WSM"
"2002","1","0","3","WAS","Stacey","Dales-Schuman","Stacey Dales-Schuman","","","University of Oklahoma","WNBA","v","","WSM"
"2002","3","0","36","WAS","Teresa","Geter","Teresa Geter","","","University of South Carolina","WNBA","x","","INF to WSM"
"2003","3","0","36","WAS","Tamara","Bowie","Tamara Bowie","","","Ball State University","WNBA","x","","WSM"
"2003","1","0","7","WAS","Aiysha","Smith","Aiysha Smith","","","Louisiana State University","WNBA","v","","WSM"
"2003","2","0","21","WAS","Zuzana","Zirkova","Zuzana Zirkova","","","Slovakia","WNBA","v","","WSM"
"2003","3","0","32","WAS","Trish","Juhline","Trish Juhline","","","Villanova University","WNBA","x","","SAM to WSM"
"2004","1","0","2","WAS","Alana","Beard","Alana Beard","","","Duke University","WNBA","v","","WSM"
"2004","2","0","15","WAS","Kaayla","Chones","Kaayla Chones","","","North Carolina State University","WNBA","v","","WSM"
"2004","3","0","28","WAS","Evan","Unrau","Evan Unrau","","","University of Missouri","WNBA","x","","WSM"
"2005","1","0","6","WAS","Temeka","Johnson","Temeka Johnson","","","Louisiana State University","WNBA","v","","WSM"
"2005","2","0","19","WAS","Erica","Taylor","Erica Taylor","","","Louisiana Tech University","WNBA","x","","WSM"
"2005","3","0","32","WAS","Tashia","Morehead","Tashia Morehead","","","University of Florida","WNBA","x","","WSM"
"2006","3","0","33","WAS","Miriam","Sy","Miriam Sy","","","Oklahoma City University","WNBA","x","","WSM"
"2006","2","0","19","WAS","Nikki","Blue","Nikki Blue","","","UCLA","WNBA","v","","WSM"
"2006","1","0","8","WAS","Tamara","James","Tamara James","","","University of Miami","WNBA","v","","LSP to WSM"
"2007","1","0","6","WAS","Bernice","Mosby","Bernice Mosby","","","Baylor University","WNBA","v","","WSM"
"2007","3","0","32","WAS","Gillian","Goring","Gillian Goring","","","North Carolina State University","WNBA","v","","WSM"
"2007","2","0","19","WAS","Megan","Vogel","Megan Vogel","","","South Dakota State University","WNBA","x","","WSM"
"2008","2","0","20","WAS","Lindsey","Pluimer","Lindsey Pluimer","","","UCLA","WNBA","x","","WSM"
"2008","1","0","6","WAS","Crystal","Langhorne","Crystal Langhorne","","","University of Maryland","WNBA","v","","WSM"
"2008","3","0","34","WAS","Krystal","Vaughn","Krystal Vaughn","","","Virginia Commonwealth University","WNBA","v","","WSM"
"2009","2","0","24","WAS","Jelena","Milovanovic","Jelena Milovanovi?","","","Serbia","WNBA","x","","DTS to WSM"
"2009","3","0","28","WAS","Josephine","Owino","Josephine Owino","","","Union University (TN)","WNBA","x","","WSM"
"2009","1","0","2","WAS","Marissa","Coleman","Marissa Coleman","","","University of Maryland","WNBA","v","","WSM"
"2009","2","0","23","WAS","Camille","LeNoir","Camille LeNoir","","","University of Southern California","WNBA","x","","CON to MNL to WSM"
"2010","1","0","6","WAS","Jacinta","Monroe","Jacinta Monroe","","","Florida State University","WNBA","v","","WSM"
"2010","2","0","18","WAS","Shanavia","Dowdell","Shanavia Dowdell","","","Louisiana Tech University","WNBA","x","","WSM"
"2010","3","0","30","WAS","Alexis","Gray-Lawson","Alexis Gray-Lawson","","","University of California","WNBA","v","","WSM"
"2010","2","0","14","WAS","Jenna","Smith","Jenna Smith","","","University of Illinois","WNBA","x","","MNL to WSM"
"2011","2","0","23","WAS","Karima","Christmas","Karima Christmas","","","Duke University","WNBA","v","","WSM"
"2011","3","0","35","WAS","Sara","Krnjic","Sara Krnjic","","","Serbia","WNBA","x","","WSM"
"2011","1","0","11","WAS","Victoria","Dunlap","Victoria Dunlap","","","University of Kentucky","WNBA","v","","WSM"
"2012","1","0","10","WAS","LaSondra","Barrett","LaSondra Barrett","","","Louisiana State University","WNBA","x","","SES to WSM"
"2012","3","0","26","WAS","Anjale","Barrett","Anjale Barrett","","","University of Maryland","WNBA","x","","WSM"
"2012","1","0","8","WAS","Natalie","Novosel","Natalie Novosel","","","University of Notre Dame","WNBA","x","","ATD to WSM"
"2012","3","0","35","WAS","Briana","Gilbreath","Briana Gilbreath","","","University of Southern California","WNBA","x","","INF to WSM"
