"year","lgID","tmID","franchID","confID","divID","rank","playoff","seeded","firstRound","semis","finals","name","o_fgm","o_fga","o_ftm","o_fta","o_3pm","o_3pa","o_oreb","o_dreb","o_reb","o_asts","o_pf","o_stl","o_to","o_blk","o_pts","d_fgm","d_fga","d_ftm","d_fta","d_3pm","d_3pa","d_oreb","d_dreb","d_reb","d_asts","d_pf","d_stl","d_to","d_blk","d_pts","tmORB","tmDRB","tmTRB","opptmORB","opptmDRB","opptmTRB","won","lost","GP","homeW","homeL","awayW","awayL","confW","confL","min","attend","arena"
"1997","ABL","ATG","ATG","EA","","3","N","0","","","","Atlanta Glory","1189","2636","659","851","220","611","486","1048","1534","721","729","354","773","105","3257","1244","2872","688","903","244","705","690","1057","1747","691","731","388","723","92","3420","74","132","206","103","126","229","18","22","40","12","8","6","14","10","14","8000","55593","Norcross Arena"
"1998","ABL","ATG","ATG","EA","","3","N","0","","","","Atlanta Glory","1190","2719","767","951","182","642","456","1005","1461","651","849","377","841","149","3329","1294","2940","746","1007","249","698","538","972","1510","704","831","446","731","69","3583","0","0","0","0","0","0","15","29","44","11","11","4","18","8","16","8875","85755","Norcross Arena"
"2008","WNBA","ATL","ATL","EA","","7","N","0","","","","Atlanta Dream","895","2258","542","725","202","598","340","737","1077","492","796","285","593","142","2534","1014","2254","679","918","172","502","401","864","1265","684","726","310","561","134","2879","0","0","0","0","0","0","4","30","34","1","16","3","14","2","18","6825","141379","Philips Arena"
"2009","WNBA","ATL","ATL","EA","","2","Y","0","L","","","Atlanta Dream","1089","2428","569","755","114","374","404","855","1259","547","741","329","590","121","2861","996","2363","624","807","181","530","353","821","1174","615","700","347","601","133","2797","0","0","0","0","0","0","18","16","34","12","5","6","11","10","12","6950","120737","Philips Arena"
"2010","WNBA","ATL","ATL","EA","","4","Y","0","W","W","L","Atlanta Dream","1087","2449","598","843","131","453","436","883","1319","666","709","304","569","141","2903","1019","2345","625","823","163","509","328","833","1161","630","720","323","578","146","2826","0","0","0","0","0","0","19","15","34","10","7","9","8","10","12","6850","106983","Philips Arena"
"2011","WNBA","ATL","ATL","EA","","3","Y","0","W","W","L","Atlanta Dream ","1084","2432","563","811","74","284","391","837","1228","627","636","317","511","181","2805","1006","2333","544","690","191","530","351","827","1178","588","694","269","593","183","2747","0","0","0","0","0","0","20","14","34","11","6","9","8","14","8","6875","110278","Philips Arena"
"2012","WNBA","ATL","ATL","EA","","3","Y","0","L","","","Atlanta Dream ","0","0","0","0","0","0","0","0","0","0","0","0","0","0","0","0","0","0","0","0","0","0","0","0","0","0","0","0","0","0","0","0","0","0","0","0","19","15","34","11","6","8","9","12","10","0","92708","Philips Arena"
"1997","WNBA","CHA","CHA","EA","","3","Y","4","","L","","Charlotte Sting","719","1651","337","487","110","321","279","635","914","485","465","219","496","116","1885","686","1707","359","513","118","366","288","597","885","432","488","276","464","72","1849","0","0","0","0","0","0","15","13","28","12","2","3","11","5","7","5600","116296","Charlotte Coliseum"
"1998","WNBA","CHA","CHA","EA","","2","Y","4","","L","","Charlotte Sting","798","1855","442","624","105","377","304","677","981","512","507","273","457","96","2143","780","1878","378","529","113","381","305","663","968","470","601","242","501","108","2051","0","0","0","0","0","0","18","12","30","9","6","9","6","11","5","6000","128414","Charlotte Coliseum"
"1999","WNBA","CHA","CHA","EA","","3","Y","0","W","L","","Charlotte Sting","793","1805","410","535","108","369","268","685","953","568","560","233","469","97","2104","814","1920","378","522","136","428","318","626","944","506","597","221","440","99","2142","0","0","0","0","0","0","15","17","32","8","8","7","9","12","8","6425","113303","Charlotte Coliseum"
"2000","WNBA","CHA","CHA","EA","","8","N","0","","","","Charlotte Sting","812","1903","431","577","131","386","305","630","935","551","713","222","496","90","2186","879","1930","533","716","138","423","326","664","990","596","596","259","426","123","2429","0","0","0","0","0","0","8","24","32","5","11","3","13","5","16","6475","90963","Charlotte Coliseum"
"2001","WNBA","CHA","CHA","EA","","4","Y","0","W","W","L","Charlotte Sting","746","1780","410","528","153","428","309","639","948","467","605","217","474","114","2055","732","1846","431","562","114","369","344","567","911","443","579","257","447","124","2009","0","0","0","0","0","0","18","14","32","11","5","7","9","15","6","6500","105525","Charlotte Coliseum"
"2002","WNBA","CHA","CHA","EA","","2","Y","0","L","","","Charlotte Sting","770","1790","490","663","211","527","302","653","955","496","647","241","408","105","2241","778","1807","444","598","133","372","295","620","915","489","600","208","424","103","2133","0","0","0","0","0","0","18","14","32","11","5","7","9","12","9","6450","106670","Charlotte Coliseum"
"2003","WNBA","CHA","CHA","EA","","2","Y","0","L","","","Charlotte Sting","787","1881","456","590","187","517","342","629","971","499","697","279","497","115","2217","790","1902","477","667","138","407","386","621","1007","491","606","264","469","104","2195","0","0","0","0","0","0","18","16","34","13","4","5","12","12","12","6850","120061","Charlotte Coliseum"
"2004","WNBA","CHA","CHA","EA","","5","N","0","","","","Charlotte Sting","745","1744","436","590","166","459","256","616","872","426","648","210","479","134","2092","800","1932","438","587","130","349","368","628","996","516","595","243","437","114","2168","0","0","0","0","0","0","16","18","34","10","7","6","11","8","12","6900","116383","Charlotte Coliseum"
"2005","WNBA","CHA","CHA","EA","","6","N","0","","","","Charlotte Sting","772","1913","447","624","104","301","316","609","925","493","727","284","535","113","2095","851","1888","509","713","124","339","355","700","1055","496","654","269","534","146","2335","0","0","0","0","0","0","6","28","34","5","12","1","16","4","16","6945","98054","Charlotte Coliseum"
"2006","WNBA","CHA","CHA","EA","","6","N","0","","","","Charlotte Sting","864","2178","552","777","176","544","347","747","1094","527","734","315","574","155","2456","911","2149","594","791","155","465","370","870","1240","522","707","286","619","125","2571","0","0","0","0","0","0","11","23","34","7","10","4","13","6","14","6825","106942","Time Warner Cable Arena"
"1999","ABL","CHC","CHC","EA","","3","","0","","","","Chicago Condors","289","731","204","280","24","96","155","280","435","189","262","150","241","25","806","283","703","234","311","41","148","133","288","421","174","266","127","231","38","841","0","0","0","0","0","0","4","8","12","3","2","1","6","4","6","2400","23874","UIC Pavilion"
"2006","WNBA","CHI","CHI","EA","","7","N","0","","","","Chicago Sky","858","2175","449","643","157","536","357","680","1037","509","674","277","527","125","2322","971","2147","545","736","200","536","379","860","1239","623","584","262","535","120","2687","0","0","0","0","0","0","5","29","34","3","14","2","15","4","16","6800","57635","UIC Pavilion"
"2007","WNBA","CHI","CHI","EA","","6","N","0","","","","Chicago Sky","925","2277","489","723","186","544","383","782","1165","597","634","262","510","112","2525","963","2243","501","642","184","481","379","846","1225","584","683","242","566","138","2611","0","0","0","0","0","0","14","20","34","6","11","8","9","6","14","6972","66557","UIC Pavilion"
"2008","WNBA","CHI","CHI","EA","","5","N","0","","","","Chicago Sky","899","2100","564","812","110","341","357","770","1127","548","639","269","525","149","2472","917","2203","506","655","170","508","366","794","1160","531","681","255","522","124","2510","0","0","0","0","0","0","12","22","34","8","9","4","13","10","10","6875","62146","UIC Pavilion"
"2009","WNBA","CHI","CHI","EA","","5","N","0","","","","Chicago Sky","930","2136","527","693","186","471","307","776","1083","532","605","249","532","138","2573","1004","2269","479","613","206","593","359","797","1156","610","636","273","489","121","2693","0","0","0","0","0","0","16","18","34","12","5","4","13","10","12","6825","66852","UIC Pavilion"
"2010","WNBA","CHI","CHI","EA","","6","N","0","","","","Chicago Sky","942","2158","528","709","174","510","310","767","1077","581","599","284","497","160","2586","978","2202","448","598","207","549","342","793","1135","622","640","257","535","120","2611","0","0","0","0","0","0","14","20","34","7","10","7","10","7","15","6875","72986","Allstate Arena"
"2011","WNBA","CHI","CHI","EA","","5","N","0","","","","Chicago Sky ","943","2153","475","616","163","448","310","838","1148","567","618","269","599","185","2524","936","2240","518","679","166","492","331","776","1107","566","590","313","501","159","2556","0","0","0","0","0","0","14","20","34","10","7","4","13","10","12","6850","94116","Allstate Arena"
"2012","WNBA","CHI","CHI","EA","","5","N","0","","","","Chicago Sky ","0","0","0","0","0","0","0","0","0","0","0","0","0","0","0","0","0","0","0","0","0","0","0","0","0","0","0","0","0","0","0","0","0","0","0","0","14","20","34","7","10","7","10","8","14","0","94746","Allstate Arena"
"1997","WNBA","CLE","CLE","EA","","4","N","0","","","","Cleveland Rockers","725","1633","450","623","65","177","267","624","891","456","514","256","526","86","1965","709","1715","375","533","122","356","306","563","869","464","599","303","494","96","1915","0","0","0","0","0","0","15","13","28","8","6","7","7","5","7","5675","111600","Quicken Loans Arena"
"1998","WNBA","CLE","CLE","EA","","1","Y","2","","L","","Cleveland Rockers","804","1719","483","631","106","279","227","649","876","575","600","270","528","99","2197","776","1835","430","625","128","395","327","596","923","523","620","309","546","101","2110","0","0","0","0","0","0","20","10","30","11","4","9","6","12","4","6075","155253","Quicken Loans Arena"
"1999","WNBA","CLE","CLE","EA","","6","N","0","","","","Cleveland Rockers","766","1852","394","545","88","309","289","688","977","489","627","235","547","116","2014","823","1939","434","616","137","445","335","672","1007","536","608","314","477","113","2217","0","0","0","0","0","0","7","25","32","5","11","2","14","5","15","6400","149595","Quicken Loans Arena"
"2000","WNBA","CLE","CLE","EA","","2","Y","0","W","L","","Cleveland Rockers","809","1828","426","570","141","407","331","603","934","539","647","259","538","91","2185","774","1761","455","583","119","368","277","596","873","540","693","305","552","95","2122","0","0","0","0","0","0","17","15","32","13","3","4","12","13","8","6500","137532","Quicken Loans Arena"
"2001","WNBA","CLE","CLE","EA","","1","Y","0","L","","","Cleveland Rockers","763","1770","372","505","106","335","297","662","959","503","532","267","444","83","2004","664","1745","328","444","132","417","297","594","891","434","597","225","496","127","1788","0","0","0","0","0","0","22","10","32","14","2","8","8","15","6","6425","147373","Quicken Loans Arena"
"2002","WNBA","CLE","CLE","EA","","7","N","0","","","","Cleveland Rockers","760","1820","430","553","121","374","295","674","969","480","567","221","451","83","2071","797","1834","397","521","149","441","278","640","918","530","613","242","428","109","2140","0","0","0","0","0","0","10","22","32","4","12","6","10","7","14","6550","149084","Quicken Loans Arena"
"2003","WNBA","CLE","CLE","EA","","4","Y","0","L","","","Cleveland Rockers","815","1975","464","643","135","425","349","720","1069","517","639","226","466","86","2229","809","1927","465","607","127","355","300","704","1004","510","659","223","467","135","2210","0","0","0","0","0","0","17","17","34","11","6","6","11","13","11","6825","125793","Quicken Loans Arena"
"1997","ABL","CLS","CLS","EA","","1","Y","1","","W","W","Columbus Quest","1186","2631","769","994","303","761","601","933","1534","710","853","489","701","60","3444","1020","2236","701","939","195","557","439","972","1411","603","843","343","911","122","2936","99","107","206","65","116","181","31","9","40","19","1","12","8","18","6","8075","53637","Batelle Hall/St. John Arena"
"1998","ABL","CLS","CLS","EA","","1","Y","1","","W","W","Columbus Quest","1170","2734","909","1155","272","778","556","883","1439","759","942","482","659","70","3521","989","2293","810","1044","182","549","399","959","1358","619","946","326","976","113","2970","0","0","0","0","0","0","36","8","44","21","1","15","7","19","5","8875","76993","Batelle Hall/St. John Arena"
"1999","ABL","CLS","CLS","EA","","1","","0","","","","Columbus Quest","340","848","220","290","73","228","160","294","454","199","308","126","215","24","973","305","747","219","292","42","153","143","325","468","200","283","121","292","41","871","0","0","0","0","0","0","11","3","14","7","0","4","3","7","2","2800","17119","Batelle Hall/St. John Arena"
"1997","ABL","COL","COL","WE","","1","Y","2","","L","","Colorado Expolsion","1108","2580","620","802","250","714","600","995","1595","749","858","432","827","100","3086","1041","2429","709","968","173","503","554","996","1550","671","770","475","834","102","2964","83","104","187","83","119","202","25","15","40","16","4","9","11","18","6","8075","82069","Denver Coliseum/McNichols Sports Arena"
"1998","ABL","COL","COL","WE","","4","Y","6","L","","","Colorado Expolsion","1218","2771","542","790","250","631","503","873","1376","766","900","421","782","117","3228","1158","2585","773","1051","179","528","505","1005","1510","699","795","388","856","101","3268","0","0","0","0","0","0","21","23","44","14","8","7","15","13","15","8800","84079","Denver Coliseum/McNichols Sports Arena"
"1999","ABL","COL","COL","WE","","4","","0","","","","Colorado Expolsion","347","813","163","228","53","145","162","266","428","213","294","158","278","34","910","322","758","230","296","57","188","156","273","429","199","241","122","303","20","931","0","0","0","0","0","0","5","8","13","4","4","1","4","3","3","2600","19871","Denver Coliseum/McNichols Sports Arena"
"2003","WNBA","CON","CON","EA","","3","Y","0","W","L","","Connecticut Sun","864","2102","479","646","177","549","333","762","1095","520","663","270","434","111","2384","864","2104","509","673","172","536","366","812","1178","553","669","252","476","88","2409","0","0","0","0","0","0","18","16","34","10","7","8","9","11","13","6875","102433","Mohegan Sun Arena"
"2004","WNBA","CON","CON","EA","","1","Y","0","W","W","L","Connecticut Sun","876","2051","434","590","149","467","321","724","1045","572","610","299","462","96","2335","858","1996","443","599","145","384","306","757","1063","565","627","239","492","113","2304","0","0","0","0","0","0","18","16","34","10","7","8","9","14","6","6900","114017","Mohegan Sun Arena"
"2005","WNBA","CON","CON","EA","","1","Y","0","W","W","W","Connecticut Sun","916","2025","512","688","130","373","322","788","1110","573","624","236","452","130","2474","835","2100","452","599","122","400","350","728","1078","495","675","258","442","79","2244","0","0","0","0","0","0","26","8","34","14","3","12","5","13","7","6800","121944","Mohegan Sun Arena"
"2006","WNBA","CON","CON","EA","","1","Y","0","W","L","","Connecticut Sun","982","2216","545","675","174","510","342","926","1268","630","530","252","514","153","2683","948","2357","358","500","163","508","370","783","1153","528","646","273","486","103","2417","0","0","0","0","0","0","26","8","34","14","3","12","5","15","5","6825","126096","Mohegan Sun Arena"
"2007","WNBA","CON","CON","EA","","3","Y","0","L","","","Connecticut Sun","1001","2327","478","615","195","572","354","868","1222","619","641","272","540","156","2675","976","2317","475","626","166","485","337","842","1179","581","633","246","524","85","2593","0","0","0","0","0","0","18","16","34","8","9","10","7","10","10","6925","135490","Mohegan Sun Arena"
"2008","WNBA","CON","CON","EA","","2","Y","0","L","","","Connecticut Sun","965","2286","539","723","221","669","370","869","1239","607","629","211","487","97","2690","955","2284","472","638","159","496","360","840","1200","554","703","252","499","104","2541","0","0","0","0","0","0","21","13","34","13","4","8","9","13","7","6850","129951","Mohegan Sun Arena"
"2009","WNBA","CON","CON","EA","","6","N","0","","","","Connecticut Sun","966","2381","517","692","202","639","358","826","1184","608","677","250","453","130","2651","953","2236","591","746","157","488","329","945","1274","525","684","248","549","125","2654","0","0","0","0","0","0","16","18","34","12","5","4","13","10","12","6975","115496","Mohegan Sun Arena"
"2010","WNBA","CON","CON","EA","","5","N","0","","","","Connecticut Sun","1008","2358","525","655","213","640","357","883","1240","604","606","241","499","130","2754","1017","2350","488","633","193","587","344","866","1210","625","667","279","497","105","2715","0","0","0","0","0","0","17","17","34","12","5","5","12","9","13","6900","127331","Mohegan Sun Arena"
"2011","WNBA","CON","CON","EA","","2","Y","0","L","","","Connecticut Sun ","1010","2384","502","658","202","557","340","869","1209","583","533","248","446","116","2724","1003","2340","409","549","197","568","345","895","1240","617","652","262","526","109","2612","0","0","0","0","0","0","21","13","34","15","2","6","11","14","8","6925","119951","Mohegan Sun Arena"
"2012","WNBA","CON","CON","EA","","1","Y","0","W","L","","Connecticut Sun ","0","0","0","0","0","0","0","0","0","0","0","0","0","0","0","0","0","0","0","0","0","0","0","0","0","0","0","0","0","0","0","0","0","0","0","0","25","9","34","12","5","13","4","18","4","0","123519","Mohegan Sun Arena"
"1998","WNBA","DET","DET","EA","","4","N","0","","","","Detroit Shock","771","1875","448","638","97","300","345","732","1077","432","602","197","490","81","2087","768","1869","429","602","113","375","282","667","949","445","635","249","447","114","2078","0","0","0","0","0","0","17","13","30","11","4","6","9","8","8","6000","153434","The Palace of Auburn Hills"
"1999","WNBA","DET","DET","EA","","2","Y","0","L","","","Detroit Shock","791","1972","536","764","121","336","321","675","996","464","728","238","483","96","2239","830","1901","529","736","114","338","293","769","1062","514","723","262","532","133","2303","0","0","0","0","0","0","15","17","32","7","9","8","8","12","8","6500","135753","The Palace of Auburn Hills"
"2000","WNBA","DET","DET","EA","","5","N","0","","","","Detroit Shock","868","1980","519","699","76","273","341","644","985","503","701","260","530","88","2331","905","1967","480","652","136","372","331","640","971","513","672","284","543","148","2426","0","0","0","0","0","0","14","18","32","8","8","6","10","10","11","6425","107289","The Palace of Auburn Hills"
"2001","WNBA","DET","DET","EA","","7","N","0","","","","Detroit Shock","774","1914","412","542","143","405","324","621","945","469","602","225","498","82","2103","848","1837","446","583","127","340","279","702","981","438","591","262","483","109","2269","0","0","0","0","0","0","10","22","32","6","10","4","12","7","14","6550","109348","The Palace of Auburn Hills"
"2002","WNBA","DET","DET","EA","","8","N","0","","","","Detroit Shock","766","1919","472","651","110","364","360","719","1079","478","609","201","541","132","2114","828","1984","464","605","146","447","314","669","983","465","637","277","443","139","2266","0","0","0","0","0","0","9","23","32","7","9","2","14","6","15","6450","94171","The Palace of Auburn Hills"
"2003","WNBA","DET","DET","EA","","1","Y","0","W","W","W","Detroit Shock","902","2004","624","882","125","323","379","851","1230","545","605","263","608","158","2553","911","2286","412","556","161","541","390","674","1064","504","774","309","497","129","2395","0","0","0","0","0","0","25","9","34","13","4","12","5","18","6","6900","133647","The Palace of Auburn Hills"
"2004","WNBA","DET","DET","EA","","3","Y","0","L","","","Detroit Shock","874","2097","556","792","62","209","397","773","1170","564","648","277","513","148","2366","860","2098","470","609","191","533","325","730","1055","515","728","289","496","131","2381","0","0","0","0","0","0","17","17","34","8","9","9","8","11","9","6850","160860","The Palace of Auburn Hills"
"2005","WNBA","DET","DET","EA","","4","Y","0","L","","","Detroit Shock","831","2060","509","774","76","238","412","803","1215","474","761","241","571","155","2247","784","1945","565","754","154","456","273","745","1018","473","744","272","520","136","2287","0","0","0","0","0","0","16","18","34","12","5","4","13","11","9","6925","159356","The Palace of Auburn Hills"
"2006","WNBA","DET","DET","EA","","2","Y","0","W","W","W","Detroit Shock","919","2220","553","746","136","414","406","880","1286","572","711","213","537","137","2527","840","2165","529","702","175","561","324","760","1084","474","733","275","506","108","2384","0","0","0","0","0","0","23","11","34","14","3","9","8","14","6","6825","159453","The Palace of Auburn Hills"
"2007","WNBA","DET","DET","EA","","1","Y","0","W","W","L","Detroit Shock","972","2261","595","785","158","442","380","931","1311","563","702","227","564","117","2697","895","2262","547","718","203","610","309","780","1089","546","767","276","529","117","2540","0","0","0","0","0","0","24","10","34","12","5","12","5","14","6","6850","165738","The Palace of Auburn Hills"
"2008","WNBA","DET","DET","EA","","1","Y","0","W","W","W","Detroit Shock","974","2295","556","744","168","476","405","843","1248","604","724","278","496","118","2672","872","2151","563","740","215","616","324","761","1085","520","762","229","572","119","2522","0","0","0","0","0","0","22","12","34","14","3","8","9","16","4","6875","162669","The Palace of Auburn Hills"
"2009","WNBA","DET","DET","EA","","3","Y","0","W","L","","Detroit Shock","980","2277","539","721","153","436","373","853","1226","575","766","261","546","97","2652","902","2201","632","813","208","611","320","781","1101","524","716","279","531","110","2644","0","0","0","0","0","0","18","16","34","11","6","7","10","11","11","6975","136069","The Palace of Auburn Hills"
"1997","WNBA","HOU","HOU","EA","","1","Y","1","","W","W","Houston Comets","700","1660","441","592","169","485","316","543","859","389","535","311","492","67","2010","679","1630","384","545","91","305","296","557","853","405","558","237","537","102","1833","0","0","0","0","0","0","18","10","28","9","5","9","5","6","6","5650","135916","Compaq Center"
"1998","WNBA","HOU","HOU","WE","","1","Y","1","","W","W","Houston Comets","795","1824","518","646","177","523","297","630","927","428","510","332","435","81","2285","729","1803","340","470","110","369","324","630","954","450","637","206","560","102","1908","0","0","0","0","0","0","27","3","30","14","1","13","2","15","1","6075","189029","Compaq Center"
"1999","WNBA","HOU","HOU","WE","","1","Y","0","","W","W","Houston Comets","841","1912","509","622","176","547","303","682","985","499","586","272","452","139","2367","763","1954","419","566","125","442","350","621","971","459","633","216","491","78","2070","0","0","0","0","0","0","26","6","32","15","1","11","5","16","4","6425","190503","Compaq Center"
"2000","WNBA","HOU","HOU","WE","","2","Y","0","W","W","W","Houston Comets","891","1894","521","634","172","491","273","724","997","494","554","284","440","104","2475","786","1938","370","508","124","418","290","612","902","473","648","233","480","85","2066","0","0","0","0","0","0","27","5","32","14","2","13","3","17","4","6475","196077","Compaq Center"
"2001","WNBA","HOU","HOU","WE","","4","Y","0","L","","","Houston Comets","747","1908","415","539","138","435","348","710","1058","426","509","251","436","95","2047","740","1883","362","504","152","456","297","685","982","452","561","248","433","120","1994","0","0","0","0","0","0","19","13","32","11","5","8","8","13","8","6450","181115","Compaq Center"
"2002","WNBA","HOU","HOU","WE","","2","Y","0","L","","","Houston Comets","755","1778","453","585","109","332","299","702","1001","450","467","260","455","126","2072","705","1880","331","452","151","489","309","664","973","446","606","262","464","71","1892","0","0","0","0","0","0","24","8","32","14","2","10","6","16","5","6425","188648","Compaq Center"
"2003","WNBA","HOU","HOU","WE","","2","Y","0","L","","","Houston Comets","828","1916","473","600","115","344","266","764","1030","465","490","231","450","129","2244","824","2030","325","448","169","500","298","708","1006","516","634","227","430","122","2142","0","0","0","0","0","0","20","14","34","14","3","6","11","14","10","6825","150203","Compaq Center"
"2004","WNBA","HOU","HOU","WE","","6","N","0","","","","Houston Comets","798","1933","458","615","123","358","311","724","1035","451","555","242","484","107","2177","834","2008","391","531","152","434","335","720","1055","539","655","258","471","129","2211","0","0","0","0","0","0","13","21","34","9","8","4","13","7","15","6850","137455","Toyota Center"
"2005","WNBA","HOU","HOU","WE","","3","Y","0","W","L","","Houston Comets","860","1920","527","690","62","205","276","684","960","467","581","246","425","105","2309","848","1944","419","559","148","423","274","687","961","541","685","197","481","111","2263","0","0","0","0","0","0","19","15","34","11","6","8","9","11","11","6875","120676","Toyota Center"
"2006","WNBA","HOU","HOU","WE","","3","Y","0","L","","","Houston Comets","928","2098","482","678","169","472","303","822","1125","532","617","252","566","84","2507","928","2232","445","615","148","496","337","787","1124","526","705","298","519","89","2449","0","0","0","0","0","0","18","16","34","12","5","6","11","11","9","6925","130586","Toyota Center"
"2007","WNBA","HOU","HOU","WE","","5","N","0","","","","Houston Comets","915","2149","554","721","126","365","374","770","1144","558","655","289","633","109","2510","924","2190","578","719","202","581","342","721","1063","588","677","310","568","160","2628","0","0","0","0","0","0","13","21","34","7","10","6","11","10","12","6800","138816","Toyota Center"
"2008","WNBA","HOU","HOU","WE","","5","N","0","","","","Houston Comets","923","2213","563","736","152","481","376","803","1179","556","728","295","599","120","2561","903","2186","582","781","218","580","349","743","1092","542","744","313","555","165","2606","0","0","0","0","0","0","17","17","34","13","4","4","13","10","10","6925","111951","Toyota Center"
"2000","WNBA","IND","IND","EA","","7","N","0","","","","Indiana Fever","796","1838","428","569","193","521","285","647","932","501","642","271","518","126","2213","839","1868","503","669","109","358","321","633","954","528","612","267","476","75","2290","0","0","0","0","0","0","9","23","32","5","11","4","12","7","14","6425","180270","Conseco Fieldhouse"
"2001","WNBA","IND","IND","EA","","6","N","0","","","","Indiana Fever","762","1822","472","591","157","446","286","649","935","458","600","242","491","118","2153","853","1899","412","583","131","367","306","660","966","565","616","256","466","140","2249","0","0","0","0","0","0","10","22","32","7","9","3","13","7","14","6475","138922","Conseco Fieldhouse"
"2002","WNBA","IND","IND","EA","","4","Y","0","L","","","Indiana Fever","731","1825","455","580","180","543","315","633","948","447","559","268","438","100","2097","804","1817","359","503","162","464","288","644","932","507","647","226","470","145","2129","0","0","0","0","0","0","16","16","32","10","6","6","10","12","9","6425","134945","Conseco Fieldhouse"
"2003","WNBA","IND","IND","EA","","5","N","0","","","","Indiana Fever","839","2011","449","563","210","600","334","654","988","539","668","299","474","121","2337","837","1908","490","638","157","421","309","677","986","570","631","227","512","170","2321","0","0","0","0","0","0","16","18","34","11","6","5","12","12","12","6875","141778","Conseco Fieldhouse"
"2004","WNBA","IND","IND","EA","","6","N","0","","","","Indiana Fever","791","2011","450","580","166","481","396","705","1101","555","639","261","486","134","2198","804","1865","516","695","121","352","281","688","969","514","603","268","466","162","2245","0","0","0","0","0","0","15","19","34","10","7","5","12","8","12","6850","128989","Conseco Fieldhouse"
"2005","WNBA","IND","IND","EA","","2","Y","0","W","L","","Indiana Fever","784","1958","452","595","150","468","341","671","1012","493","668","336","477","95","2170","775","1798","460","642","123","367","279","711","990","435","644","234","558","113","2133","0","0","0","0","0","0","21","13","34","14","3","7","10","14","6","6925","142494","Conseco Fieldhouse"
"2006","WNBA","IND","IND","EA","","3","Y","0","L","","","Indiana Fever","873","2144","518","676","171","551","339","755","1094","501","606","354","528","93","2435","883","2043","413","559","137","444","288","773","1061","507","685","259","617","105","2316","0","0","0","0","0","0","21","13","34","12","5","9","8","12","8","6850","122768","Conseco Fieldhouse"
"2007","WNBA","IND","IND","EA","","2","Y","0","W","L","","Indiana Fever","907","2167","478","617","188","546","341","812","1153","511","646","308","589","136","2480","881","2192","450","608","158","483","369","795","1164","475","663","280","610","114","2370","0","0","0","0","0","0","21","13","34","12","5","9","8","12","8","6875","133915","Conseco Fieldhouse"
"2008","WNBA","IND","IND","EA","","4","Y","0","L","","","Indiana Fever","876","2179","495","656","226","662","349","778","1127","500","727","324","585","165","2473","891","2127","540","706","135","415","338","833","1171","477","659","294","608","130","2457","0","0","0","0","0","0","17","17","34","11","6","6","11","12","8","6950","130941","Conseco Fieldhouse"
"2009","WNBA","IND","IND","EA","","1","Y","0","W","W","L","Indiana Fever","890","2212","613","746","213","637","342","780","1122","527","692","373","531","117","2606","909","2118","529","692","154","483","318","849","1167","498","700","271","638","116","2501","0","0","0","0","0","0","22","12","34","14","3","8","9","17","5","6925","134964","Conseco Fieldhouse"
"2010","WNBA","IND","IND","EA","","3","Y","0","L","","","Indiana Fever","941","2147","563","720","216","591","327","779","1106","567","705","331","551","171","2661","885","2128","567","716","181","547","339","783","1122","497","687","282","603","120","2518","0","0","0","0","0","0","21","13","34","13","4","8","9","13","9","6875","140504","Conseco Fieldhouse"
"2011","WNBA","IND","IND","EA","","1","Y","0","W","L","","Indiana Fever ","936","2114","548","695","223","589","295","778","1073","556","609","299","502","165","2643","925","2182","481","655","179","534","359","776","1135","537","647","269","542","134","2510","0","0","0","0","0","0","21","13","34","13","4","8","9","13","9","6825","136915","Conseco Fieldhouse"
"2012","WNBA","IND","IND","EA","","2","Y","0","W","W","W","Indiana Fever ","0","0","0","0","0","0","0","0","0","0","0","0","0","0","0","0","0","0","0","0","0","0","0","0","0","0","0","0","0","0","0","0","0","0","0","0","22","12","34","13","4","9","8","15","7","0","128897","Conseco Fieldhouse"
"1997","WNBA","LAS","LAS","WE","","2","N","0","","","","Los Angeles Sparks","794","1782","419","620","65","242","290","683","973","495","601","259","528","138","2072","719","1812","477","649","95","343","323","597","920","457","575","287","505","82","2010","0","0","0","0","0","0","14","14","28","8","6","6","8","8","4","5725","125034","Great Western Forum"
"1998","WNBA","LAS","LAS","WE","","3","N","0","","","","Los Angeles Sparks","797","1914","443","609","111","335","337","683","1020","472","675","229","511","148","2148","780","1898","490","693","119","372","337","663","1000","522","603","244","481","109","2169","0","0","0","0","0","0","12","18","30","8","7","4","11","6","10","6025","114088","Great Western Forum"
"1999","WNBA","LAS","LAS","WE","","2","Y","0","W","L","","Los Angeles Sparks","890","2044","506","676","163","476","342","725","1067","581","693","237","484","124","2449","818","1993","535","721","147","445","335","696","1031","511","681","250","493","99","2318","0","0","0","0","0","0","20","12","32","13","3","7","9","12","8","6475","122000","Great Western Forum"
"2000","WNBA","LAS","LAS","WE","","1","Y","0","W","L","","Los Angeles Sparks","861","1956","545","693","150","452","308","783","1091","586","705","271","466","156","2417","776","1963","495","692","122","413","300","678","978","445","650","243","485","105","2169","0","0","0","0","0","0","28","4","32","15","1","13","3","17","4","6450","105005","Staples Center"
"2001","WNBA","LAS","LAS","WE","","1","Y","0","W","W","W","Los Angeles Sparks","916","2031","449","594","160","436","350","755","1105","596","616","281","438","138","2441","779","1985","416","547","192","603","294","627","921","538","591","234","453","114","2166","0","0","0","0","0","0","28","4","32","16","0","12","4","19","2","6475","148446","Staples Center"
"2002","WNBA","LAS","LAS","WE","","1","Y","0","W","W","W","Los Angeles Sparks","891","2002","476","645","194","515","329","814","1143","583","664","257","517","161","2452","796","2040","480","649","163","521","314","645","959","508","623","275","453","111","2235","0","0","0","0","0","0","25","7","32","12","4","13","3","17","4","6475","186410","Staples Center"
"2003","WNBA","LAS","LAS","WE","","1","Y","0","W","W","L","Los Angeles Sparks","894","2140","537","678","174","528","336","813","1149","587","682","242","470","161","2499","866","2147","504","702","196","540","316","789","1105","572","654","241","468","127","2432","0","0","0","0","0","0","24","10","34","11","6","13","4","17","7","6900","157934","Staples Center"
"2004","WNBA","LAS","LAS","WE","","1","Y","0","L","","","Los Angeles Sparks","904","2069","530","722","157","414","312","809","1121","626","731","262","529","148","2495","815","2095","557","761","174","511","339","727","1066","532","704","288","523","114","2361","0","0","0","0","0","0","25","9","34","15","2","10","7","16","6","6975","177269","Staples Center"
"2005","WNBA","LAS","LAS","WE","","4","Y","0","L","","","Los Angeles Sparks","873","2042","456","630","124","387","321","683","1004","551","737","264","492","136","2326","818","1955","527","709","182","519","332","709","1041","567","654","247","544","115","2345","0","0","0","0","0","0","17","17","34","11","6","6","11","12","10","6800","150521","Staples Center"
"2006","WNBA","LAS","LAS","WE","","1","Y","0","W","L","","Los Angeles Sparks","962","2195","540","726","111","377","350","852","1202","610","679","296","534","129","2575","873","2184","534","721","196","570","336","746","1082","565","636","284","556","128","2476","0","0","0","0","0","0","25","9","34","15","2","10","7","15","5","6825","141282","Staples Center"
"2007","WNBA","LAS","LAS","WE","","7","N","0","","","","Los Angeles Sparks","940","2305","493","627","160","456","356","783","1139","554","732","245","571","107","2533","954","2212","609","800","191","537","343","836","1179","616","605","290","550","137","2708","0","0","0","0","0","0","10","24","34","5","12","5","12","6","16","6900","147810","Staples Center"
"2008","WNBA","LAS","LAS","WE","","3","Y","0","W","L","","Los Angeles Sparks","954","2248","539","717","151","485","386","896","1282","613","713","251","608","216","2598","888","2310","562","751","185","547","359","768","1127","513","717","303","523","141","2523","0","0","0","0","0","0","20","14","34","12","5","8","9","12","8","7000","161639","Staples Center"
"2009","WNBA","LAS","LAS","WE","","3","Y","0","W","L","","Los Angeles Sparks","973","2264","435","550","152","512","365","883","1248","587","583","217","568","166","2533","903","2262","479","623","213","636","320","730","1050","516","622","300","463","115","2498","0","0","0","0","0","0","18","16","34","11","6","7","10","11","9","6925","176587","Staples Center"
"2010","WNBA","LAS","LAS","WE","","4","Y","0","L","","","Los Angeles Sparks","972","2205","503","612","201","597","260","788","1048","626","571","244","496","123","2648","1025","2322","494","627","217","621","357","842","1199","594","622","275","484","97","2761","0","0","0","0","0","0","13","21","34","8","9","5","12","10","12","6825","160951","Staples Center"
"2011","WNBA","LAS","LAS","WE","","5","N","0","","","","Los Angeles Sparks ","973","2188","440","554","237","598","293","784","1077","617","575","249","516","115","2623","1042","2332","440","572","207","615","376","808","1184","616","607","262","464","77","2731","0","0","0","0","0","0","15","19","34","10","7","5","12","10","12","6900","175436","Staples Center"
"2012","WNBA","LAS","LAS","WE","","2","Y","0","W","L","","Los Angeles Sparks ","0","0","0","0","0","0","0","0","0","0","0","0","0","0","0","0","0","0","0","0","0","0","0","0","0","0","0","0","0","0","0","0","0","0","0","0","24","10","34","16","1","8","9","15","7","0","171511","Staples Center"
"1998","ABL","LON","LON","WE","","2","Y","3","W","W","L","Long Beach Stingrays","1291","2873","800","1072","146","432","638","973","1611","739","982","439","848","112","3528","1183","2658","852","1145","205","597","480","880","1360","695","903","385","838","115","3423","0","0","0","0","0","0","26","18","44","15","7","11","11","16","12","8875","46573","Pyramid"
"2000","WNBA","MIA","MIA","EA","","6","N","0","","","","Miami Sol","647","1774","452","664","85","310","365","595","960","415","707","272","524","88","1831","715","1676","454","627","117","315","275","648","923","416","661","247","528","118","2001","0","0","0","0","0","0","13","19","32","9","7","4","12","9","12","6475","127721","AmericanAirlines Arena"
"2001","WNBA","MIA","MIA","EA","","3","Y","0","L","","","Miami Sol","754","1826","356","469","93","295","292","651","943","467","602","300","448","153","1957","679","1725","420","588","120","395","301","667","968","388","538","259","512","87","1898","0","0","0","0","0","0","20","12","32","10","6","10","6","14","7","6575","141717","AmericanAirlines Arena"
"2002","WNBA","MIA","MIA","EA","","6","N","0","","","","Miami Sol","774","1856","369","529","129","389","296","573","869","476","643","274","435","96","2046","745","1722","469","614","129","382","278","693","971","446","588","222","515","104","2088","0","0","0","0","0","0","15","17","32","9","7","6","10","11","10","6475","141252","AmericanAirlines Arena"
"1999","WNBA","MIN","MIN","WE","","5","N","0","","","","Minnesota Lynx","748","1925","339","470","200","603","298","608","906","525","670","204","437","78","2035","749","1763","476","641","137","458","296","732","1028","507","614","194","492","92","2111","0","0","0","0","0","0","15","17","32","8","8","7","9","8","12","6475","167901","Target Center"
"2000","WNBA","MIN","MIN","WE","","6","N","0","","","","Minnesota Lynx","770","1831","449","592","204","571","258","612","870","495","690","237","497","63","2193","755","1758","514","702","164","481","300","677","977","472","707","275","547","130","2188","0","0","0","0","0","0","15","17","32","8","8","7","9","5","16","6425","116638","Target Center"
"2001","WNBA","MIN","MIN","WE","","6","N","0","","","","Minnesota Lynx","671","1810","559","727","176","552","308","693","1001","437","695","210","507","127","2077","752","1927","499","624","153","472","328","688","1016","511","719","259","470","126","2156","0","0","0","0","0","0","12","20","32","6","10","6","10","9","12","6475","120607","Target Center"
"2002","WNBA","MIN","MIN","WE","","8","N","0","","","","Minnesota Lynx","727","1775","383","578","166","500","309","650","959","466","617","226","529","102","2003","747","1807","469","613","141","389","302","612","914","495","618","273","465","117","2104","0","0","0","0","0","0","10","22","32","7","9","3","13","6","15","6475","139874","Target Center"
"2003","WNBA","MIN","MIN","WE","","4","Y","0","L","","","Minnesota Lynx","875","1978","450","624","180","524","361","718","1079","580","634","242","558","101","2380","878","2067","473","633","141","446","337","652","989","528","666","271","471","126","2370","0","0","0","0","0","0","18","16","34","11","6","7","10","14","10","6850","120253","Target Center"
"2004","WNBA","MIN","MIN","WE","","3","Y","0","L","","","Minnesota Lynx","767","1900","454","640","177","542","332","724","1056","526","660","257","613","139","2165","804","1972","490","669","92","330","323","713","1036","508","676","333","502","133","2190","0","0","0","0","0","0","18","16","34","11","6","7","10","12","10","6850","125097","Target Center"
"2005","WNBA","MIN","MIN","WE","","6","N","0","","","","Minnesota Lynx","801","1946","437","601","172","492","310","715","1025","531","624","258","536","127","2211","862","2019","435","592","129","376","344","711","1055","537","665","275","487","144","2288","0","0","0","0","0","0","14","20","34","11","6","3","14","9","13","6850","113447","Target Center"
"2006","WNBA","MIN","MIN","WE","","7","N","0","","","","Minnesota Lynx","945","2211","485","681","148","419","340","804","1144","491","654","193","530","113","2523","1004","2314","548","719","179","542","372","832","1204","625","633","308","438","124","2735","0","0","0","0","0","0","10","24","34","8","9","2","15","6","14","6825","109522","Target Center"
"2007","WNBA","MIN","MIN","WE","","6","N","0","","","","Minnesota Lynx","971","2355","531","674","163","496","397","785","1182","596","713","238","561","95","2636","988","2195","614","785","162","461","318","800","1118","565","645","279","529","147","2752","0","0","0","0","0","0","10","24","34","7","10","3","14","8","14","6875","121019","Target Center"
"2008","WNBA","MIN","MIN","WE","","7","N","0","","","","Minnesota Lynx","991","2303","652","864","133","413","353","792","1145","557","751","309","472","131","2767","974","2220","612","809","161","486","350","862","1212","587","748","248","579","140","2721","0","0","0","0","0","0","16","18","34","9","8","7","10","8","12","6900","118463","Target Center"
"2009","WNBA","MIN","MIN","WE","","5","N","0","","","","Minnesota Lynx","949","2257","591","766","242","695","325","762","1087","509","693","301","513","128","2731","1041","2260","550","711","195","510","317","848","1165","589","694","250","543","140","2827","0","0","0","0","0","0","14","20","34","9","8","5","12","7","13","6875","128127","Target Center"
"2010","WNBA","MIN","MIN","WE","","5","N","0","","","","Minnesota Lynx","944","2375","618","818","169","526","394","803","1197","507","682","304","493","112","2675","998","2236","578","737","217","638","297","891","1188","607","681","254","564","178","2791","0","0","0","0","0","0","13","21","34","7","10","6","11","8","14","6925","129582","Target Center"
"2011","WNBA","MIN","MIN","WE","","1","Y","0","W","W","W","Minnesota Lynx ","1074","2330","454","616","169","459","371","871","1242","617","603","249","439","124","2771","896","2169","480","611","231","653","268","757","1025","512","616","204","508","121","2503","0","0","0","0","0","0","27","7","34","14","3","13","4","18","4","6800","143607","Target Center"
"2012","WNBA","MIN","MIN","WE","","1","Y","0","W","W","L","Minnesota Lynx ","0","0","0","0","0","0","0","0","0","0","0","0","0","0","0","0","0","0","0","0","0","0","0","0","0","0","0","0","0","0","0","0","0","0","0","0","27","7","34","16","1","11","6","17","5","0","164617","Target Center"
"1999","ABL","NAS","NAS","EA","","4","","0","","","","Nashville Noise","387","925","239","331","74","224","178","332","510","228","359","134","308","47","1087","409","891","301","398","62","189","159","349","508","244","320","148","276","36","1181","0","0","0","0","0","0","4","11","15","3","4","1","7","3","6","3000","17982","Municipal Auditorium"
"1997","ABL","NEW","NEW","EA","","4","N","0","","","","New England Blizzard","1182","2489","704","912","182","480","428","1066","1494","679","878","395","819","79","3250","1133","2518","798","1055","240","637","467","1073","1540","725","812","398","787","100","3304","18","148","166","70","128","198","16","24","40","11","9","5","15","8","16","8000","100166","Hartford Civic Center/Springfield Civic Center"
"1998","ABL","NEW","NEW","EA","","2","Y","4","L","","","New England Blizzard","1158","2554","881","1132","141","418","431","996","1427","696","917","409","853","112","3338","1153","2695","785","1044","236","702","511","904","1415","720","976","433","783","106","3327","0","0","0","0","0","0","24","20","44","17","5","7","15","13","11","8875","194848","Hartford Civic Center/Springfield Civic Center"
"1999","ABL","NEW","NEW","EA","","5","","0","","","","New England Blizzard","302","690","231","295","38","149","120","294","414","182","252","111","284","33","873","356","795","184","246","60","163","128","260","388","216","284","173","210","23","956","0","0","0","0","0","0","3","10","13","2","6","1","4","3","6","2600","60479","Hartford Civic Center/Springfield Civic Center"
"1997","WNBA","NYL","NYL","EA","","2","Y","3","","W","L","New York Liberty","707","1715","404","607","93","339","320","600","920","484","556","289","536","116","1911","661","1690","416","564","106","320","327","604","931","397","563","278","570","87","1844","0","0","0","0","0","0","17","11","28","10","4","7","7","8","4","5675","185786","Madison Square Garden (IV)"
"1998","WNBA","NYL","NYL","EA","","3","N","0","","","","New York Liberty","758","1784","450","629","92","281","320","624","944","513","630","291","501","84","2058","709","1693","445","625","103","325","272","620","892","420","610","261","538","81","1966","0","0","0","0","0","0","18","12","30","12","3","6","9","8","8","6050","224024","Madison Square Garden (IV)"
"1999","WNBA","NYL","NYL","EA","","1","Y","0","","W","L","New York Liberty","800","1914","394","529","175","473","319","625","944","522","700","297","482","91","2169","720","1747","540","723","109","405","299","682","981","451","584","252","557","89","2089","0","0","0","0","0","0","18","14","32","12","4","6","10","12","8","6525","224748","Madison Square Garden (IV)"
"2000","WNBA","NYL","NYL","EA","","1","Y","0","W","W","L","New York Liberty","792","1815","429","567","135","396","288","652","940","477","617","246","474","102","2148","741","1822","437","590","116","420","320","647","967","462","645","223","479","94","2035","0","0","0","0","0","0","20","12","32","12","4","8","8","14","7","6425","231962","Madison Square Garden (IV)"
"2001","WNBA","NYL","NYL","EA","","2","Y","0","W","L","","New York Liberty","833","1828","336","500","160","421","255","660","915","553","616","265","437","82","2162","744","1759","461","640","133","394","304","679","983","430","600","223","496","76","2082","0","0","0","0","0","0","21","11","32","13","3","8","8","13","8","6400","250565","Madison Square Garden (IV)"
"2002","WNBA","NYL","NYL","EA","","1","Y","0","W","W","L","New York Liberty","772","1740","400","567","145","400","260","610","870","496","638","261","458","100","2089","691","1733","484","645","149","434","312","649","961","410","597","228","478","88","2015","0","0","0","0","0","0","18","14","32","10","6","8","8","11","10","6450","234717","Madison Square Garden (IV)"
"2003","WNBA","NYL","NYL","EA","","6","N","0","","","","New York Liberty","825","1923","412","537","181","500","271","686","957","527","587","262","470","128","2243","821","1959","459","581","155","467","326","736","1062","506","614","269","480","96","2256","0","0","0","0","0","0","16","18","34","11","6","5","12","11","13","6850","212346","Madison Square Garden (IV)"
"2004","WNBA","NYL","NYL","EA","","2","Y","0","W","L","","New York Liberty","819","1932","398","531","216","617","263","741","1004","539","587","209","506","124","2252","867","2096","431","579","132","416","371","730","1101","517","589","288","430","123","2297","0","0","0","0","0","0","18","16","34","11","6","7","10","10","10","6900","168062","Madison Square Garden (IV)"
"2005","WNBA","NYL","NYL","EA","","3","Y","0","L","","","New York Liberty","828","1860","452","552","208","605","242","732","974","498","613","214","462","112","2316","859","2012","442","608","125","398","345","685","1030","473","590","275","411","86","2285","0","0","0","0","0","0","18","16","34","10","7","8","9","9","11","6925","172381","Madison Square Garden (IV)"
"2006","WNBA","NYL","NYL","EA","","5","N","0","","","","New York Liberty","822","2069","512","650","216","645","285","736","1021","475","674","252","576","112","2372","966","2153","553","722","171","461","341","832","1173","508","668","270","485","134","2656","0","0","0","0","0","0","11","23","34","7","10","4","13","7","13","6875","155048","Madison Square Garden (IV)"
"2007","WNBA","NYL","NYL","EA","","4","Y","0","L","","","New York Liberty","870","2087","430","580","243","653","287","788","1075","500","618","289","612","109","2413","920","2223","471","619","190","589","378","837","1215","509","608","321","562","115","2501","0","0","0","0","0","0","16","18","34","10","7","6","11","10","10","6850","147866","Madison Square Garden (IV)"
"2008","WNBA","NYL","NYL","EA","","3","Y","0","W","L","","New York Liberty","912","2168","490","653","259","706","327","778","1105","551","655","290","547","117","2573","924","2163","516","674","174","485","352","823","1175","496","625","285","559","109","2538","0","0","0","0","0","0","19","15","34","11","6","8","9","11","9","6900","153772","Madison Square Garden (IV)"
"2009","WNBA","NYL","NYL","EA","","7","N","0","","","","New York Liberty","900","2168","458","582","254","710","280","802","1082","526","637","276","543","121","2512","906","2157","531","673","192","554","333","869","1202","482","590","269","548","124","2535","0","0","0","0","0","0","13","21","34","8","9","5","12","9","13","6900","166604","Madison Square Garden (IV)"
"2010","WNBA","NYL","NYL","EA","","2","Y","0","W","L","","New York Liberty","1001","2212","458","560","233","570","295","767","1062","631","645","278","494","100","2693","929","2133","549","696","176","483","309","778","1087","486","552","246","530","130","2583","0","0","0","0","0","0","22","12","34","13","4","9","8","14","8","6875","188173","Madison Square Garden (IV)"
"2011","WNBA","NYL","NYL","EA","","4","Y","0","L","","","New York Liberty ","999","2306","389","504","197","551","358","757","1115","534","644","286","504","129","2584","923","2154","506","646","190","593","308","792","1100","560","571","230","576","124","2542","0","0","0","0","0","0","19","15","34","12","5","7","10","11","11","6850","130936","Prudential Center"
"2012","WNBA","NYL","NYL","EA","","4","Y","0","L","","","New York Liberty ","0","0","0","0","0","0","0","0","0","0","0","0","0","0","0","0","0","0","0","0","0","0","0","0","0","0","0","0","0","0","0","0","0","0","0","0","15","19","34","9","8","6","11","10","12","0","115241","Prudential Center"
"1999","WNBA","ORL","CON","EA","","4","N","0","","","","Orlando Miracle","793","1869","465","672","155","461","329","637","966","467","648","297","521","93","2206","812","1892","431","608","161","438","340","664","1004","537","660","257","534","124","2216","0","0","0","0","0","0","15","17","32","8","8","7","9","9","11","6450","156818","Amway Arena"
"2000","WNBA","ORL","CON","EA","","3","Y","0","L","","","Orlando Miracle","833","1911","397","546","145","424","319","606","925","473","583","255","486","130","2208","851","1964","378","495","153","450","348","669","1017","536","637","264","500","108","2233","0","0","0","0","0","0","16","16","32","11","5","5","11","13","8","6500","117810","Amway Arena"
"2001","WNBA","ORL","CON","EA","","5","N","0","","","","Orlando Miracle","768","1914","430","587","174","532","356","614","970","452","643","320","532","125","2140","806","1831","436","605","157","438","316","659","975","534","600","298","546","114","2205","0","0","0","0","0","0","13","19","32","10","6","3","13","9","12","6450","118874","Amway Arena"
"2002","WNBA","ORL","CON","EA","","5","N","0","","","","Orlando Miracle","808","1914","493","646","145","461","320","595","915","446","669","295","456","113","2254","804","1862","491","668","156","422","362","684","1046","519","637","251","541","108","2255","0","0","0","0","0","0","16","16","32","10","6","6","10","13","8","6525","113837","Amway Arena"
"1997","WNBA","PHO","PHO","WE","","1","Y","2","","L","","Phoenix Mercury","660","1768","484","634","134","436","322","599","921","437","570","343","475","80","1938","670","1622","397","589","89","313","275","649","924","408","598","243","599","114","1826","0","0","0","0","0","0","16","12","28","11","3","5","9","9","3","5675","191835","US Airways Center"
"1998","WNBA","PHO","PHO","WE","","2","Y","3","","W","L","Phoenix Mercury","787","1856","513","709","130","405","327","614","941","543","595","288","483","86","2217","758","1747","432","601","77","244","298","643","941","406","664","242","581","96","2025","0","0","0","0","0","0","19","11","30","12","3","7","8","10","6","6075","206476","US Airways Center"
"1999","WNBA","PHO","PHO","WE","","4","N","0","","","","Phoenix Mercury","762","1910","519","695","134","456","343","659","1002","510","652","229","460","121","2177","794","1911","475","637","119","395","334","678","1012","494","676","234","479","108","2182","0","0","0","0","0","0","15","17","32","12","4","3","13","7","13","6400","195508","US Airways Center"
"2000","WNBA","PHO","PHO","WE","","4","Y","0","L","","","Phoenix Mercury","803","1800","513","661","124","394","275","619","894","465","630","285","429","91","2243","773","1828","421","574","135","416","334","635","969","486","699","224","531","91","2102","0","0","0","0","0","0","20","12","32","11","5","9","7","11","10","6425","161075","US Airways Center"
"2001","WNBA","PHO","PHO","WE","","5","N","0","","","","Phoenix Mercury","767","1894","429","587","101","313","300","642","942","514","625","292","519","138","2064","785","1892","462","584","137","391","333","698","1031","524","603","283","517","127","2169","0","0","0","0","0","0","13","19","32","10","6","3","13","8","13","6450","136979","US Airways Center"
"2002","WNBA","PHO","PHO","WE","","7","N","0","","","","Phoenix Mercury","793","1889","405","538","100","328","292","626","918","427","623","267","501","94","2091","850","1870","436","608","155","388","309","692","1001","532","600","268","491","127","2291","0","0","0","0","0","0","11","21","32","10","6","1","15","7","14","6400","139798","US Airways Center"
"2003","WNBA","PHO","PHO","WE","","7","N","0","","","","Phoenix Mercury","801","2095","379","556","116","349","357","643","1000","461","664","310","479","111","2097","834","1867","466","626","136","371","303","811","1114","509","667","275","610","146","2270","0","0","0","0","0","0","8","26","34","6","11","2","15","5","19","6925","144511","US Airways Center"
"2004","WNBA","PHO","PHO","WE","","5","N","0","","","","Phoenix Mercury","826","1922","456","598","192","519","264","652","916","501","748","282","464","137","2300","784","1845","534","724","133","348","309","711","1020","456","660","226","536","137","2235","0","0","0","0","0","0","17","17","34","10","7","7","10","11","11","6825","136295","US Airways Center"
"2005","WNBA","PHO","PHO","WE","","5","N","0","","","","Phoenix Mercury","826","1994","531","693","178","539","342","720","1062","549","697","243","517","179","2361","855","1993","523","720","121","332","319","705","1024","470","672","265","483","112","2354","0","0","0","0","0","0","16","18","34","11","6","5","12","12","10","6800","124146","US Airways Center"
"2006","WNBA","PHO","PHO","WE","","5","N","0","","","","Phoenix Mercury","1079","2434","537","684","265","722","334","811","1145","640","741","275","442","127","2960","1023","2360","630","852","203","618","408","875","1283","578","669","231","537","126","2879","0","0","0","0","0","0","18","16","34","10","7","8","9","8","12","6900","126801","US Airways Center"
"2007","WNBA","PHO","PHO","WE","","1","Y","0","W","W","W","Phoenix Mercury","1063","2419","616","754","283","802","279","873","1152","683","658","285","486","159","3025","1022","2526","570","716","290","762","445","945","1390","628","684","244","595","109","2904","0","0","0","0","0","0","23","11","34","12","5","11","6","17","5","6850","131524","US Airways Center"
"2008","WNBA","PHO","PHO","WE","","6","N","0","","","","Phoenix Mercury","1069","2485","642","773","230","701","375","851","1226","560","794","232","489","156","3010","1036","2460","694","932","243","695","440","858","1298","650","717","234","500","129","3009","0","0","0","0","0","0","16","18","34","10","7","6","11","8","12","6825","144867","US Airways Center"
"2009","WNBA","PHO","PHO","WE","","1","Y","0","W","W","W","Phoenix Mercury","1128","2454","643","752","257","665","284","906","1190","625","740","225","500","181","3156","1094","2582","638","851","205","608","421","864","1285","607","671","260","460","143","3031","0","0","0","0","0","0","23","11","34","12","5","11","6","13","7","6900","144884","US Airways Center"
"2010","WNBA","PHO","PHO","WE","","2","Y","0","W","L","","Phoenix Mercury","1151","2432","638","752","252","701","295","920","1215","686","679","237","519","148","3192","1186","2605","571","769","245","670","397","883","1280","729","673","303","445","115","3188","0","0","0","0","0","0","15","19","34","9","8","6","11","13","9","6950","152686","US Airways Center"
"2011","WNBA","PHO","PHO","WE","","3","Y","0","W","L","","Phoenix Mercury ","1062","2303","662","778","239","641","310","884","1194","652","681","223","524","132","3025","1071","2435","553","731","228","623","346","818","1164","628","709","274","462","124","2923","0","0","0","0","0","0","19","15","34","11","6","8","9","11","11","6875","155845","US Airways Center"
"2012","WNBA","PHO","PHO","WE","","6","N","0","","","","Phoenix Mercury ","0","0","0","0","0","0","0","0","0","0","0","0","0","0","0","0","0","0","0","0","0","0","0","0","0","0","0","0","0","0","0","0","0","0","0","0","7","27","34","3","14","4","13","4","18","0","132454","US Airways Center"
"1998","ABL","PHR","PHR","EA","","4","N","0","","","","Philadelphia Rage","1147","2663","688","913","255","748","476","967","1443","663","816","368","838","96","3237","1286","2831","682","878","245","642","498","967","1465","792","844","415","729","109","3499","0","0","0","0","0","0","13","31","44","8","14","5","17","8","16","8825","71238","The Palestra/The Apollo of Temple"
"1999","ABL","PHR","PHR","EA","","2","","0","","","","Philadelphia Rage","391","831","242","323","38","119","130","329","459","238","282","142","253","42","1062","345","847","230","309","60","185","139","301","440","218","294","126","263","23","980","0","0","0","0","0","0","9","5","14","5","1","4","4","6","3","2825","8968","The Palestra/The Apollo of Temple"
"2000","WNBA","POR","POR","WE","","7","N","0","","","","Portland Fire","761","1828","488","697","145","433","309","627","936","480","761","265","593","93","2155","788","1847","577","766","150","447","307","646","953","487","729","277","531","130","2303","0","0","0","0","0","0","10","22","32","6","10","4","12","4","17","6525","133076","Rose Garden Arena"
"2001","WNBA","POR","POR","WE","","7","N","0","","","","Portland Fire","733","1891","450","612","172","519","300","696","996","451","633","244","500","106","2088","791","1944","461","656","159","410","343","763","1106","501","643","293","474","144","2202","0","0","0","0","0","0","11","21","32","6","10","5","11","5","16","6525","137656","Rose Garden Arena"
"2002","WNBA","POR","POR","WE","","5","N","0","","","","Portland Fire","829","1951","410","564","127","391","307","641","948","492","623","239","493","120","2195","819","1885","463","647","126","348","334","678","1012","486","616","272","508","139","2227","0","0","0","0","0","0","16","16","32","9","7","7","9","8","13","6475","128656","Rose Garden Arena"
"1997","ABL","PRT","PRT","WE","","4","N","0","","","","Portland Power","1038","2443","627","863","124","463","641","985","1626","606","813","397","852","141","2827","1028","2435","745","983","167","480","584","932","1516","595","772","459","744","101","2968","104","92","196","87","111","198","14","26","40","10","10","4","16","11","13","8025","83343","Memorial Coliseum"
"1998","ABL","PRT","PRT","WE","","1","Y","2","","L","","Portland Power","1162","2581","649","897","184","511","521","908","1429","724","849","431","835","123","3157","1102","2543","740","980","160","464","478","871","1349","618","824","443","826","113","3104","0","0","0","0","0","0","27","17","44","16","6","11","11","20","8","8950","120473","Memorial Coliseum"
"1999","ABL","PRT","PRT","WE","","1","","0","","","","Portland Power","359","798","208","286","78","207","157","292","449","234","301","159","240","36","1004","319","730","239","328","45","134","117","283","400","155","286","106","263","34","922","0","0","0","0","0","0","9","4","13","6","1","3","3","4","4","2600","32554","Memorial Coliseum"
"1997","ABL","RIC","PHR","EA","","2","Y","3","","W","L","Richmond Rage","1129","2589","716","961","219","626","557","1012","1569","655","711","416","741","99","3193","1243","2737","555","722","215","635","620","1080","1700","764","794","387","805","85","3256","91","98","189","93","128","221","21","19","40","16","4","5","15","12","12","8075","62785","Richmond Coliseum"
"1997","WNBA","SAC","SAC","WE","","3","N","0","","","","Sacramento Monarchs","704","1732","393","536","101","345","341","538","879","404","593","263","562","60","1902","775","1738","455","628","107","315","331","587","918","514","519","290","508","114","2112","0","0","0","0","0","0","10","18","28","7","7","3","11","4","8","5650","110014","ARCO Arena (II)"
"1998","WNBA","SAC","SAC","WE","","4","N","0","","","","Sacramento Monarchs","734","1802","376","560","72","277","326","619","945","463","633","263","533","107","1916","733","1752","509","674","107","366","307","646","953","493","556","239","500","134","2082","0","0","0","0","0","0","8","22","30","5","10","3","12","5","11","6025","98677","ARCO Arena (II)"
"1999","WNBA","SAC","SAC","WE","","3","Y","0","L","","","Sacramento Monarchs","849","2006","568","847","126","421","412","700","1112","500","614","329","508","123","2392","829","1981","439","590","161","474","310","665","975","535","718","226","569","152","2258","0","0","0","0","0","0","19","13","32","11","5","8","8","9","11","6400","138009","ARCO Arena (II)"
"2000","WNBA","SAC","SAC","WE","","3","Y","0","L","","","Sacramento Monarchs","876","1993","449","650","142","459","388","650","1038","567","571","332","458","157","2343","811","1918","410","544","144","418","320","631","951","503","600","226","524","116","2176","0","0","0","0","0","0","21","11","32","13","3","8","8","13","8","6400","126841","ARCO Arena (II)"
"2001","WNBA","SAC","SAC","WE","","2","Y","0","W","L","","Sacramento Monarchs","837","1974","457","618","163","423","374","723","1097","558","588","276","494","158","2294","804","2003","415","578","116","400","343","662","1005","496","616","261","481","143","2139","0","0","0","0","0","0","20","12","32","12","4","8","8","13","8","6525","133603","ARCO Arena (II)"
"2002","WNBA","SAC","SAC","WE","","6","N","0","","","","Sacramento Monarchs","780","1945","494","653","112","395","301","648","949","500","675","247","456","109","2166","815","1944","515","681","149","453","352","723","1075","493","633","233","496","128","2294","0","0","0","0","0","0","14","18","32","10","6","4","12","8","13","6575","144179","ARCO Arena (II)"
"2003","WNBA","SAC","SAC","WE","","3","Y","0","W","L","","Sacramento Monarchs","862","2107","425","626","150","473","349","718","1067","568","641","297","461","122","2299","816","1991","435","597","149","467","345","751","1096","516","640","224","576","141","2216","0","0","0","0","0","0","19","15","34","12","5","7","10","13","11","6825","155578","ARCO Arena (II)"
"2004","WNBA","SAC","SAC","WE","","4","Y","0","W","L","","Sacramento Monarchs","874","2072","435","604","129","365","389","635","1024","519","641","314","485","118","2312","803","1872","474","631","161","458","310","676","986","513","646","241","593","117","2241","0","0","0","0","0","0","18","16","34","10","7","8","9","12","10","6900","147544","ARCO Arena (II)"
"2005","WNBA","SAC","SAC","WE","","1","Y","0","W","W","W","Sacramento Monarchs","853","1986","494","721","129","360","369","674","1043","527","684","304","500","108","2329","751","1823","478","653","113","376","273","694","967","463","723","235","622","132","2093","0","0","0","0","0","0","25","9","34","15","2","10","7","17","5","6800","145213","ARCO Arena (II)"
"2006","WNBA","SAC","SAC","WE","","2","Y","0","W","W","L","Sacramento Monarchs","919","2190","542","741","157","461","418","720","1138","509","670","330","542","88","2537","872","2021","504","661","156","507","294","725","1019","507","687","244","633","143","2404","0","0","0","0","0","0","21","13","34","14","3","7","10","10","10","6875","147739","ARCO Arena (II)"
"2007","WNBA","SAC","SAC","WE","","3","Y","0","L","","","Sacramento Monarchs","901","2214","572","745","153","429","452","723","1175","537","642","325","611","101","2527","891","2081","512","664","186","547","308","718","1026","542","689","274","649","141","2480","0","0","0","0","0","0","19","15","34","12","5","7","10","12","10","6950","142575","ARCO Arena (II)"
"2008","WNBA","SAC","SAC","WE","","4","Y","0","L","","","Sacramento Monarchs","883","2159","611","816","168","438","388","721","1109","473","690","319","586","77","2545","958","2128","469","622","186","542","308","767","1075","581","759","267","624","206","2571","0","0","0","0","0","0","18","16","34","13","4","5","12","9","11","6800","139066","ARCO Arena (II)"
"2009","WNBA","SAC","SAC","WE","","6","N","0","","","","Sacramento Monarchs","946","2194","586","744","132","389","391","763","1154","540","645","289","584","98","2610","994","2221","479","586","223","604","326","702","1028","627","704","262","576","147","2690","0","0","0","0","0","0","12","22","34","7","10","5","12","6","14","6850","131654","ARCO Arena (II)"
"2003","WNBA","SAS","SAS","WE","","6","N","0","","","","San Antonio Silver Stars","792","2068","538","736","93","315","350","795","1145","428","728","187","513","167","2215","867","2176","544","745","149","482","389","783","1172","530","669","275","424","140","2427","0","0","0","0","0","0","12","22","34","9","8","3","14","10","14","6825","176526","AT&T Center"
"2004","WNBA","SAS","SAS","WE","","7","N","0","","","","San Antonio Silver Stars","812","1940","488","628","79","247","302","701","1003","493","628","272","513","106","2191","888","2003","416","564","172","469","324","710","1034","575","624","280","492","129","2364","0","0","0","0","0","0","9","25","34","6","11","3","14","6","16","6875","142717","AT&T Center"
"2005","WNBA","SAS","SAS","WE","","7","N","0","","","","San Antonio Silver Stars","764","1833","503","652","110","339","256","690","946","433","650","195","535","90","2141","898","2059","463","611","142","408","351","704","1055","563","685","283","429","148","2401","0","0","0","0","0","0","7","27","34","5","12","2","15","3","19","6800","135054","AT&T Center"
"2006","WNBA","SAS","SAS","WE","","6","N","0","","","","San Antonio Silver Stars","915","2255","504","672","189","556","354","814","1168","540","610","246","488","83","2523","974","2262","490","640","165","459","372","865","1237","560","641","254","480","129","2603","0","0","0","0","0","0","13","21","34","6","11","7","10","10","10","6800","125749","AT&T Center"
"2007","WNBA","SAS","SAS","WE","","2","Y","0","W","L","","San Antonio Silver Stars","923","2176","464","577","207","566","323","764","1087","567","653","283","558","130","2517","904","2139","529","688","147","454","361","776","1137","516","619","257","583","137","2484","0","0","0","0","0","0","20","14","34","9","8","11","6","13","9","6875","128680","AT&T Center"
"2008","WNBA","SAS","SAS","WE","","1","Y","0","W","W","L","San Antonio Silver Stars","901","2080","561","694","183","539","246","847","1093","601","602","272","525","150","2546","904","2271","471","634","139","483","389","817","1206","500","666","278","528","109","2418","0","0","0","0","0","0","24","10","34","15","2","9","8","10","10","6850","135722","AT&T Center"
"2009","WNBA","SAS","SAS","WE","","4","Y","0","L","","","San Antonio Silver Stars","936","2190","487","626","256","739","281","768","1049","598","596","257","509","116","2615","1000","2279","488","620","173","499","364","824","1188","529","643","268","502","120","2661","0","0","0","0","0","0","15","19","34","10","7","5","12","10","10","6950","127957","AT&T Center"
"2010","WNBA","SAS","SAS","WE","","3","Y","0","L","","","San Antonio Silver Stars","972","2110","472","619","195","587","266","757","1023","599","574","255","522","84","2611","1027","2197","494","636","174","516","330","796","1126","604","616","283","489","108","2722","0","0","0","0","0","0","14","20","34","8","9","6","11","11","11","6800","136696","AT&T Center"
"2011","WNBA","SAS","SAS","WE","","4","Y","0","L","","","San Antonio Silver Stars ","969","2251","481","640","221","620","241","824","1065","617","593","286","434","124","2640","940","2200","513","642","175","500","312","946","1258","552","631","250","549","143","2568","0","0","0","0","0","0","18","16","34","9","8","9","8","11","11","6850","148767","AT&T Center"
"2012","WNBA","SAS","SAS","WE","","3","Y","0","L","","","San Antonio Silver Stars ","0","0","0","0","0","0","0","0","0","0","0","0","0","0","0","0","0","0","0","0","0","0","0","0","0","0","0","0","0","0","0","0","0","0","0","0","21","13","34","12","5","9","8","14","8","0","133454","AT&T Center"
"2000","WNBA","SEA","SEA","WE","","8","N","0","","","","Seattle Storm","667","1740","379","561","109","364","256","537","793","390","648","255","525","93","1822","778","1721","498","654","117","334","288","721","1009","506","618","284","529","123","2171","0","0","0","0","0","0","6","26","32","4","12","2","14","4","17","6475","142594","KeyArena at Seattle Center"
"2001","WNBA","SEA","SEA","WE","","8","N","0","","","","Seattle Storm","689","1821","415","606","128","412","306","585","891","412","605","273","431","127","1921","753","1750","417","559","125","325","296","756","1052","492","588","228","519","127","2048","0","0","0","0","0","0","10","22","32","5","11","5","11","6","15","6550","95257","KeyArena at Seattle Center"
"2002","WNBA","SEA","SEA","WE","","4","Y","0","L","","","Seattle Storm","794","1948","418","543","182","506","362","633","995","514","623","282","477","151","2188","783","1818","435","587","102","342","307","662","969","488","563","254","531","125","2103","0","0","0","0","0","0","17","15","32","10","6","7","9","10","11","6450","111774","KeyArena at Seattle Center"
"2003","WNBA","SEA","SEA","WE","","5","N","0","","","","Seattle Storm","890","2045","442","567","166","500","342","732","1074","548","644","232","465","138","2388","844","2039","441","591","145","437","352","689","1041","456","570","245","459","104","2274","0","0","0","0","0","0","18","16","34","13","4","5","12","11","13","6850","120857","KeyArena at Seattle Center"
"2004","WNBA","SEA","SEA","WE","","2","Y","0","W","W","W","Seattle Storm","873","2025","524","676","167","439","350","709","1059","552","665","302","499","131","2437","851","1989","423","592","139","391","303","679","982","507","678","252","527","137","2264","0","0","0","0","0","0","20","14","34","13","4","7","10","13","9","6825","134291","KeyArena at Seattle Center"
"2005","WNBA","SEA","SEA","WE","","2","Y","0","L","","","Seattle Storm","906","2066","544","688","142","429","323","776","1099","520","657","201","516","158","2498","892","2163","490","646","133","419","334","686","1020","568","691","267","438","154","2407","0","0","0","0","0","0","20","14","34","14","3","6","11","13","9","6825","151150","KeyArena at Seattle Center"
"2006","WNBA","SEA","SEA","WE","","4","Y","0","L","","","Seattle Storm","961","2124","562","712","160","475","327","821","1148","514","682","232","570","127","2644","940","2218","531","707","164","484","322","709","1031","520","683","297","485","115","2575","0","0","0","0","0","0","18","16","34","9","8","9","8","10","10","6800","145664","KeyArena at Seattle Center"
"2007","WNBA","SEA","SEA","WE","","4","Y","0","L","","","Seattle Storm","964","2210","582","715","224","639","344","820","1164","533","620","242","533","151","2734","987","2321","478","586","195","528","333","761","1094","591","642","272","495","112","2647","0","0","0","0","0","0","17","17","34","12","5","5","12","11","11","6825","135553","KeyArena at Seattle Center"
"2008","WNBA","SEA","SEA","WE","","2","Y","0","L","","","Seattle Storm","899","2112","552","728","143","453","340","822","1162","530","684","269","526","140","2493","861","2164","512","680","172","539","332","760","1092","498","674","263","515","115","2406","0","0","0","0","0","0","22","12","34","16","1","6","11","13","7","6800","140503","KeyArena at Seattle Center"
"2009","WNBA","SEA","SEA","WE","","2","Y","0","L","","","Seattle Storm","909","2116","555","707","171","486","316","788","1104","536","710","276","555","150","2544","882","2150","510","671","202","585","332","746","1078","517","672","275","555","131","2476","0","0","0","0","0","0","20","14","34","13","4","7","10","13","7","7025","133858","KeyArena at Seattle Center"
"2010","WNBA","SEA","SEA","WE","","1","Y","0","W","W","W","Seattle Storm","992","2228","551","695","246","667","394","840","1234","636","704","281","524","128","2781","888","2152","550","702","186","556","308","705","1013","484","624","241","515","121","2512","0","0","0","0","0","0","28","6","34","17","0","11","6","20","2","6900","141472","KeyArena at Seattle Center"
"2011","WNBA","SEA","SEA","WE","","2","Y","0","L","","","Seattle Storm ","892","2036","439","549","213","599","269","807","1076","545","643","253","547","117","2436","885","2116","437","572","168","468","291","722","1013","509","545","269","482","127","2375","0","0","0","0","0","0","21","13","34","15","2","6","11","15","7","6800","147196","KeyArena at Seattle Center"
"2012","WNBA","SEA","SEA","WE","","4","Y","0","L","","","Seattle Storm ","0","0","0","0","0","0","0","0","0","0","0","0","0","0","0","0","0","0","0","0","0","0","0","0","0","0","0","0","0","0","0","0","0","0","0","0","16","18","34","10","7","6","11","11","11","0","127266","KeyArena at Seattle Center"
"1997","ABL","SER","SER","WE","","3","N","0","","","","Seattle Reign","1045","2438","756","1046","213","592","620","1049","1669","681","812","416","889","105","3059","1127","2552","698","944","246","664","568","973","1541","706","883","447","769","91","3198","102","124","226","85","116","201","17","23","40","13","7","4","16","10","14","8025","64571","Mercer Arena in Seattle Center"
"1998","ABL","SER","SER","WE","","5","N","0","","","","Seattle Reign","1098","2601","829","1095","230","653","491","885","1376","618","821","421","901","101","3255","1278","2795","704","918","186","553","551","945","1496","709","923","505","828","101","3446","0","0","0","0","0","0","15","29","44","10","12","5","17","8","20","8850","73064","Mercer Arena in Seattle Center"
"1999","ABL","SER","SER","WE","","3","","0","","","","Seattle Reign","365","881","285","375","81","225","170","325","495","226","272","137","303","35","1096","423","956","212","286","65","208","192","322","514","246","337","162","280","30","1123","0","0","0","0","0","0","8","7","15","5","2","3","5","5","4","3050","27145","Mercer Arena in Seattle Center"
"1997","ABL","SJL","SJL","WE","","2","Y","4","","L","","San Jose Lasers","1024","2441","729","1008","143","460","597","985","1582","579","795","397","732","101","2920","1066","2460","685","923","173","524","597","1038","1635","631","828","420","767","98","2990","115","114","229","89","123","212","18","22","40","11","9","7","13","9","15","8075","63623","San Jose Event Center/San Jose Arena"
"1998","ABL","SJL","SJL","WE","","3","Y","5","W","L","","San Jose Lasers","1220","2667","801","1105","178","511","485","963","1448","677","917","455","847","76","3419","1211","2823","774","1043","196","591","597","950","1547","737","951","462","837","129","3392","0","0","0","0","0","0","21","23","44","14","8","7","15","13","15","8925","105004","San Jose Event Center/San Jose Arena"
"1999","ABL","SJL","SJL","WE","","2","","0","","","","San Jose Lasers","433","933","311","408","58","191","165","328","493","221","324","135","287","30","1235","451","1023","254","350","85","216","230","339","569","278","343","167","291","61","1241","0","0","0","0","0","0","9","6","15","5","2","4","4","5","6","3075","31129","San Jose Event Center/San Jose Arena"
"2010","WNBA","TUL","DET","WE","","6","N","0","","","","Tulsa Shock","984","2323","486","684","198","554","344","731","1075","567","671","332","616","144","2652","1092","2324","599","759","270","688","383","893","1276","722","656","340","602","145","3053","0","0","0","0","0","0","6","28","34","4","13","2","15","4","18","6825","81811","BOK Center"
"2011","WNBA","TUL","DET","WE","","6","N","0","","","","Tulsa Shock ","848","2140","490","611","167","589","303","740","1043","491","681","251","582","106","2353","1046","2159","512","679","187","472","282","828","1110","608","590","292","485","139","2791","0","0","0","0","0","0","3","31","34","2","15","1","16","1","21","6825","82069","BOK Center"
"2012","WNBA","TUL","DET","WE","","5","N","0","","","","Tulsa Shock ","0","0","0","0","0","0","0","0","0","0","0","0","0","0","0","0","0","0","0","0","0","0","0","0","0","0","0","0","0","0","0","0","0","0","0","0","9","25","34","6","11","3","14","5","17","0","88453","BOK Center"
"1997","WNBA","UTA","SAS","WE","","4","N","0","","","","Utah Starzz","666","1781","371","528","106","349","339","612","951","425","567","252","520","123","1809","776","1808","436","606","115","376","328","680","1008","498","501","278","458","119","2103","0","0","0","0","0","0","7","21","28","5","9","2","12","3","9","5650","105612","EnergySolutions Arena"
"1998","WNBA","UTA","SAS","WE","","5","N","0","","","","Utah Starzz","777","1837","426","608","113","346","302","699","1001","481","638","221","543","170","2093","832","1942","495","680","135","410","336","685","1021","539","559","304","441","94","2294","0","0","0","0","0","0","8","22","30","5","10","3","12","4","12","6050","121560","EnergySolutions Arena"
"1999","WNBA","UTA","SAS","WE","","6","N","0","","","","Utah Starzz","845","1949","570","742","107","362","344","717","1061","552","740","240","560","158","2367","860","1965","567","766","180","487","311","661","972","570","707","284","477","117","2467","0","0","0","0","0","0","15","17","32","11","5","4","12","8","12","6500","120706","EnergySolutions Arena"
"2000","WNBA","UTA","SAS","WE","","5","N","0","","","","Utah Starzz","858","1896","609","790","88","262","348","732","1080","522","698","214","544","157","2413","860","1964","531","721","156","448","313","598","911","503","702","301","437","112","2407","0","0","0","0","0","0","18","14","32","12","4","6","10","13","8","6400","103442","EnergySolutions Arena"
"2001","WNBA","UTA","SAS","WE","","3","Y","0","L","","","Utah Starzz","811","1849","507","675","78","244","295","775","1070","524","622","202","493","156","2207","789","1976","489","660","125","429","344","630","974","478","645","275","390","148","2192","0","0","0","0","0","0","19","13","32","9","7","10","6","11","10","6475","110507","EnergySolutions Arena"
"2002","WNBA","UTA","SAS","WE","","3","Y","0","W","","","Utah Starzz","843","1911","643","844","89","247","347","721","1068","478","665","228","522","178","2418","851","2067","516","688","126","377","361","645","1006","489","724","260","444","149","2344","0","0","0","0","0","0","20","12","32","12","4","8","8","12","9","6450","118720","EnergySolutions Arena"
"1998","WNBA","WAS","WAS","EA","","5","N","0","","","","Washington Mystics","720","1821","400","620","114","432","325","599","924","397","692","266","625","91","1954","876","1870","551","775","112","318","322","713","1035","548","597","334","511","104","2415","0","0","0","0","0","0","3","27","30","3","12","0","15","1","15","6025","238647","Verizon Center"
"1999","WNBA","WAS","WAS","EA","","5","N","0","","","","Washington Mystics","759","1794","482","679","100","345","312","701","1013","461","646","203","574","87","2100","825","1986","469","650","127","403","359","636","995","518","663","304","436","119","2246","0","0","0","0","0","0","12","20","32","6","10","6","10","10","10","6475","244889","Verizon Center"
"2000","WNBA","WAS","WAS","EA","","4","Y","0","L","","","Washington Mystics","832","1813","403","578","109","335","300","646","946","521","597","245","506","126","2176","845","1875","382","555","149","397","299","612","911","513","595","261","456","102","2221","0","0","0","0","0","0","14","18","32","7","9","7","9","13","8","6400","244134","Verizon Center"
"2001","WNBA","WAS","WAS","EA","","8","N","0","","","","Washington Mystics","739","1915","333","504","117","418","356","699","1055","424","537","257","495","127","1928","791","1945","347","467","146","408","331","737","1068","487","543","261","454","103","2075","0","0","0","0","0","0","10","22","32","8","8","2","14","4","17","6500","246667","Verizon Center"
"2002","WNBA","WAS","WAS","EA","","3","Y","0","W","","","Washington Mystics","806","1910","359","478","164","443","330","708","1038","516","583","221","455","94","2135","786","1903","397","538","147","446","309","680","989","442","570","237","441","101","2116","0","0","0","0","0","0","17","15","32","9","7","8","8","12","9","6450","259237","Verizon Center"
"2003","WNBA","WAS","WAS","EA","","7","N","0","","","","Washington Mystics","896","2191","381","507","157","505","382","703","1085","568","676","213","462","99","2330","909","2033","509","691","171","482","334","781","1115","591","565","251","468","119","2498","0","0","0","0","0","0","9","25","34","3","14","6","11","7","17","6875","238710","Verizon Center"
"2004","WNBA","WAS","WAS","EA","","4","Y","0","L","","","Washington Mystics","873","2088","474","661","105","283","337","726","1063","467","652","255","424","128","2325","864","2013","510","686","146","425","336","770","1106","534","627","237","492","111","2384","0","0","0","0","0","0","17","17","34","11","6","6","11","9","11","6850","214448","Verizon Center"
"2005","WNBA","WAS","WAS","EA","","5","N","0","","","","Washington Mystics","847","1968","388","546","181","510","266","677","943","517","697","260","435","76","2263","833","1872","489","648","150","433","267","757","1024","545","638","205","504","108","2305","0","0","0","0","0","0","16","18","34","10","7","6","11","9","11","6900","171501","Verizon Center"
"2006","WNBA","WAS","WAS","EA","","4","Y","0","L","","","Washington Mystics","1016","2199","528","715","187","522","330","770","1100","576","784","306","541","113","2747","909","2102","635","851","204","553","321","720","1041","583","687","252","573","89","2657","0","0","0","0","0","0","18","16","34","13","4","5","12","12","8","6850","133255","Verizon Center"
"2007","WNBA","WAS","WAS","EA","","5","N","0","","","","Washington Mystics","877","2170","668","839","163","528","335","783","1118","472","763","282","571","133","2585","924","2216","616","801","175","520","383","825","1208","549","762","256","579","103","2639","0","0","0","0","0","0","16","18","34","8","9","8","9","8","12","6900","133255","Verizon Center"
"2008","WNBA","WAS","WAS","EA","","6","N","0","","","","Washington Mystics","885","2131","435","659","163","460","362","770","1132","483","757","241","637","93","2368","929","2096","563","760","180","528","306","787","1093","542","708","314","530","146","2601","0","0","0","0","0","0","10","24","34","6","11","4","13","6","14","6825","154637","Verizon Center"
"2009","WNBA","WAS","WAS","EA","","4","Y","0","L","","","Washington Mystics","933","2205","580","827","139","426","388","803","1191","453","725","314","607","118","2585","945","2184","570","755","162","478","322","789","1111","524","778","315","576","156","2622","0","0","0","0","0","0","16","18","34","11","6","5","12","10","12","6875","192747","Verizon Center"
"2010","WNBA","WAS","WAS","EA","","1","Y","0","L","","","Washington Mystics","946","2098","563","726","160","454","341","821","1162","473","682","277","589","79","2615","896","2101","540","697","159","486","285","676","961","543","689","285","527","135","2491","0","0","0","0","0","0","22","12","34","13","4","9","8","13","9","6850","159065","Verizon Center"
"2011","WNBA","WAS","WAS","EA","","6","N","0","","","","Washington Mystics ","878","2165","481","658","171","520","391","735","1126","476","637","282","576","113","2408","995","2142","531","664","157","407","303","779","1082","589","601","318","492","167","2678","0","0","0","0","0","0","6","28","34","4","13","2","15","4","18","6875","177639","Verizon Center"
"2012","WNBA","WAS","WAS","EA","","6","N","0","","","","Washington Mystics ","0","0","0","0","0","0","0","0","0","0","0","0","0","0","0","0","0","0","0","0","0","0","0","0","0","0","0","0","0","0","0","0","0","0","0","0","5","29","34","4","13","1","16","3","19","0","146861","Verizon Center"
